标的,名称,开始日期,开始价格,结束日期,结束价格,本次收益,总净值
SH510230,金融ETF,2014-03-19,0.4390,2014-03-26,0.4567,3.63%,1.0363
"SH510900,SH510500,SZ159920","恒生中国企业ETF易方达,中证500ETF,恒生ETF",2014-03-26,"0.8299,3.3434,0.9510",2014-04-02,"0.8437,3.2626,0.9709",1.34%,1.0502
"SZ159920,SH513500,SH511010","恒生ETF,标普500ETF博时,国债ETF",2014-04-02,"0.9709,0.5240,95.0919",2014-04-10,"0.9966,0.5190,95.2627",0.13%,1.0516
"SH510230,SH510050,SH510180","金融ETF,上证50ETF,上证180ETF",2014-04-10,"0.4947,1.2771,1.5754",2014-04-17,"0.4755,1.2356,1.5352",-0.20%,1.0495
"SH513500,SZ159920,SZ159930","标普500ETF博时,恒生ETF,能源ETF",2014-04-17,"0.5165,0.9843,0.7960",2014-04-24,"0.5220,0.9776,0.7900",-0.13%,1.0482
"SH513500,SH510900,SH510170","标普500ETF博时,恒生中国企业ETF易方达,大宗商品ETF",2014-04-24,"0.5220,0.8363,0.3260",2014-05-05,"0.5205,0.8226,0.3142",-1.69%,1.0305
SH510900,恒生中国企业ETF易方达,2014-05-05,0.8226,2014-05-12,0.8318,-0.89%,1.0213
空仓,-,2014-05-12,-,2014-05-19,-,0.00%,1.0213
"SH510880,SH510300,SH510230","红利ETF华泰柏瑞,沪深300ETF华泰柏瑞,金融ETF",2014-05-19,"0.9970,1.7267,0.4597",2014-05-26,"1.0125,1.7618,0.4666",0.13%,1.0227
"SZ159915,SH510500,SZ159902","创业板ETF易方达,中证500ETF,中小100ETF华夏",2014-05-26,"1.2890,3.2057,2.1540",2014-06-03,"1.2870,3.1967,2.1670",1.32%,1.0362
"SH510900,SH513500,SH511010","恒生中国企业ETF易方达,标普500ETF博时,国债ETF",2014-06-03,"0.8766,0.5355,97.5984",2014-06-10,"0.8904,0.5420,97.4891",1.08%,1.0473
空仓,-,2014-06-10,-,2014-06-17,-,0.00%,1.0473
空仓,-,2014-06-17,-,2014-06-24,-,0.00%,1.0473
SH518880,黄金ETF,2014-06-24,2.6370,2014-07-01,2.6380,-0.30%,1.0442
"SZ159915,SH510500,SZ159902","创业板ETF易方达,中证500ETF,中小100ETF华夏",2014-07-01,"1.3810,3.3194,2.2520",2014-07-08,"1.3810,3.3973,2.2600",0.87%,1.0533
空仓,-,2014-07-08,-,2014-07-15,-,0.00%,1.0533
"SH510500,SZ159929,SH510410","中证500ETF,医药ETF,资源ETF博时",2014-07-15,"3.4422,0.9920,0.5550",2014-07-22,"3.4362,0.9910,0.5630",-0.61%,1.0469
空仓,-,2014-07-22,-,2014-07-29,-,0.00%,1.0469
"SH510230,SH510410,SH510170","金融ETF,资源ETF博时,大宗商品ETF",2014-07-29,"0.5263,0.6050,0.3590",2014-08-05,"0.5307,0.6270,0.3750",2.12%,1.069
"SZ159928,SH510410,SZ159930","消费ETF,资源ETF博时,能源ETF",2014-08-05,"1.0200,0.6270,0.8760",2014-08-12,"1.0190,0.6300,0.8720",0.26%,1.0718
SZ159915,创业板ETF易方达,2014-08-12,1.3640,2014-08-19,1.4040,2.20%,1.0954
"SZ159915,SH510500,SH513500","创业板ETF易方达,中证500ETF,标普500ETF博时",2014-08-19,"1.4040,3.7834,0.5475",2014-08-26,"1.3770,3.7115,0.5545",0.82%,1.1043
"SH513500,SH510050,SH510410","标普500ETF博时,上证50ETF,资源ETF博时",2014-08-26,"0.5545,1.3179,0.6190",2014-09-02,"0.5580,1.3440,0.6380",0.29%,1.1075
"SZ159928,SZ159930,SH510180","消费ETF,能源ETF,上证180ETF",2014-09-02,"1.0340,0.8920,1.6826",2014-09-10,"1.0520,0.9040,1.7149",3.71%,1.1486
"SH510500,SZ159902,SH513500","中证500ETF,中小100ETF华夏,标普500ETF博时",2014-09-10,"3.9600,2.5510,0.5510",2014-09-17,"3.9390,2.5050,0.5530",-1.51%,1.1313
SH510230,金融ETF,2014-09-17,0.5156,2014-09-24,0.5234,-0.64%,1.1241
空仓,-,2014-09-24,-,2014-10-08,-,0.00%,1.1241
"SZ159929,SH510500,SZ159902","医药ETF,中证500ETF,中小100ETF华夏",2014-10-08,"1.1490,4.2054,2.6380",2014-10-15,"1.1900,4.1905,2.6110",1.20%,1.1375
"SH511010,SZ159928,SH513500","国债ETF,消费ETF,标普500ETF博时",2014-10-15,"99.7829,1.0500,0.5245",2014-10-22,"99.7771,1.0290,0.5390",0.29%,1.1408
"SH513500,SH518880,SZ159930","标普500ETF博时,黄金ETF,能源ETF",2014-10-22,"0.5390,2.4640,0.8780",2014-10-29,"0.5465,2.4280,0.8790",-0.20%,1.1385
"SH510500,SZ159915,SZ159929","中证500ETF,创业板ETF易方达,医药ETF",2014-10-29,"4.2024,1.4890,1.1430",2014-11-05,"4.1994,1.4710,1.1220",-0.12%,1.1372
"SH510170,SH511010,SZ159928","大宗商品ETF,国债ETF,消费ETF",2014-11-05,"0.3950,101.3261,1.0090",2014-11-12,"0.3955,101.6658,1.0290",-0.43%,1.1324
"SH510230,SH510050,SH510180","金融ETF,上证50ETF,上证180ETF",2014-11-12,"0.5761,1.4475,1.8389",2014-11-19,"0.5505,1.3991,1.7937",-1.75%,1.1125
"SZ159915,SZ159902,SH510300","创业板ETF易方达,中小100ETF华夏,沪深300ETF华泰柏瑞",2014-11-19,"1.4640,2.5170,2.1045",2014-11-26,"1.5100,2.5900,2.2567",4.34%,1.1608
"SH510230,SH510050,SH510410","金融ETF,上证50ETF,资源ETF博时",2014-11-26,"0.6115,1.5168,0.6850",2014-12-03,"0.7011,1.6981,0.7460",12.38%,1.3045
"SH510230,SH510050,SH510180","金融ETF,上证50ETF,上证180ETF",2014-12-03,"0.7011,1.6981,2.1206",2014-12-10,"0.7832,1.8702,2.3111",7.44%,1.4015
"SH510170,SZ159930","大宗商品ETF,能源ETF",2014-12-10,"0.4440,0.9980",2014-12-17,"0.4470,1.0140",3.94%,1.4567
"SH510050,SH510180,SH510300","上证50ETF,上证180ETF,沪深300ETF华泰柏瑞",2014-12-17,"1.9679,2.4346,2.7712",2014-12-24,"1.8844,2.3329,2.6566",1.61%,1.4801
"SH511010,SZ159901,SH510500","国债ETF,深证100ETF易方达,中证500ETF",2014-12-24,"101.1982,1.7398,4.4149",2014-12-31,"100.9249,1.8452,4.4569",0.73%,1.4908
"SH510230,SH510050,SH510180","金融ETF,上证50ETF,上证180ETF",2014-12-31,"0.9356,2.1316,2.5936",2015-01-09,"0.9074,2.1082,2.5815",0.08%,1.4921
"SH511010,SH510180,SH510300","国债ETF,上证180ETF,沪深300ETF华泰柏瑞",2015-01-09,"101.2344,2.5815,2.9086",2015-01-16,"102.7004,2.6574,2.9953",1.48%,1.5142
"SH510500,SH511010,SH513500","中证500ETF,国债ETF,标普500ETF博时",2015-01-16,"4.6305,102.7004,0.5560",2015-01-23,"4.7322,103.1650,0.5760",2.23%,1.548
"SH510300,SH510170,SH510180","沪深300ETF华泰柏瑞,大宗商品ETF,上证180ETF",2015-01-23,"2.9431,0.4850,2.5945",2015-01-30,"2.8282,0.4678,2.4709",-1.97%,1.5174
"SZ159920,SH510500,SZ159902","恒生ETF,中证500ETF,中小100ETF华夏",2015-01-30,"1.0936,4.7352,2.8160",2015-02-06,"1.0898,4.6514,2.8050",-0.12%,1.5156
SH511010,国债ETF,2015-02-06,103.9059,2015-02-13,104.4037,0.70%,1.5262
"SZ159939,SZ159915,SZ159902","信息技术ETF,创业板ETF易方达,中小100ETF华夏",2015-02-13,"1.0574,1.7610,2.9570",2015-02-27,"1.1023,1.8630,3.0830",4.86%,1.6003
"SH510170,SH510500,SH510900","大宗商品ETF,中证500ETF,恒生中国企业ETF易方达",2015-02-27,"0.4785,5.0645,1.0580",2015-03-06,"0.4888,5.1483,1.0150",0.56%,1.6093
"SH518880,SZ159920,SH510880","黄金ETF,恒生ETF,红利ETF华泰柏瑞",2015-03-06,"2.4390,1.0784,1.5807",2015-03-13,"2.3590,1.0689,1.6704",0.13%,1.6113
SH510170,大宗商品ETF,2015-03-13,0.4947,2015-03-20,0.5282,7.66%,1.7348
"SH510880,SZ159939,SH510170","红利ETF华泰柏瑞,信息技术ETF,大宗商品ETF",2015-03-20,"1.8063,1.2822,0.5282",2015-03-27,"1.8499,1.3402,0.5425",3.54%,1.7963
"SZ159928,SH518880,SH510900","消费ETF,黄金ETF,恒生中国企业ETF易方达",2015-03-27,"1.3880,2.4060,1.0278",2015-04-03,"1.4340,2.3920,1.1698",3.31%,1.8557
"SZ159915,SZ159939,SZ159902","创业板ETF易方达,信息技术ETF,中小100ETF华夏",2015-04-03,"2.3910,1.4361,3.9280",2015-04-13,"2.4510,1.4862,4.0520",2.39%,1.9
"SH510050,SH510230,SH510880","上证50ETF,金融ETF,红利ETF华泰柏瑞",2015-04-13,"2.4983,1.0372,2.1345",2015-04-20,"2.5918,1.0146,2.1473",5.86%,2.0112
"SH518880,SH511010","黄金ETF,国债ETF",2015-04-20,"2.4170,104.1089",2015-04-27,"2.3760,104.3822",0.24%,2.0161
"SH510410,SH510170,SZ159915","资源ETF博时,大宗商品ETF,创业板ETF易方达",2015-04-27,"1.0960,0.6625,2.6500",2015-05-05,"1.0160,0.6250,2.6700",1.24%,2.0411
SZ159930,能源ETF,2015-05-05,1.3870,2015-05-12,1.3470,-4.73%,1.9445
"SZ159939,SZ159915,SZ159902","信息技术ETF,创业板ETF易方达,中小100ETF华夏",2015-05-12,"1.7708,3.1290,4.4610",2015-05-19,"1.8591,3.1850,4.7320",5.01%,2.042
空仓,-,2015-05-19,-,2015-05-26,-,0.00%,2.042
"SZ159930,SZ159928,SH510500","能源ETF,消费ETF,中证500ETF",2015-05-26,"1.4760,1.8340,8.8127",2015-06-02,"1.4600,1.8640,9.2834",1.24%,2.0674
SH511010,国债ETF,2015-06-02,103.4354,2015-06-09,104.3812,1.28%,2.0938
"SZ159930,SH510410,SH510170","能源ETF,资源ETF博时,大宗商品ETF",2015-06-09,"1.5860,1.2250,0.7670",2015-06-16,"1.5070,1.1480,0.7258",0.71%,2.1087
"SH511010,SH510230,SH510900","国债ETF,金融ETF,恒生中国企业ETF易方达",2015-06-16,"103.6560,1.0469,1.1441",2015-06-24,"104.1050,1.0015,1.1863",-2.29%,2.0605
"SH513500,SH511010","标普500ETF博时,国债ETF",2015-06-24,"0.5850,104.1050",2015-07-01,"0.5720,103.5330",-1.31%,2.0335
"SH513500,SH510410,SH510170","标普500ETF博时,资源ETF博时,大宗商品ETF",2015-07-01,"0.5720,0.9650,0.5880",2015-07-08,"0.5595,0.6810,0.4335",-17.23%,1.6832
"SH511010,SZ159920,SH510900","国债ETF,恒生ETF,恒生中国企业ETF易方达",2015-07-08,"105.2392,1.0033,0.9325",2015-07-15,"104.7658,1.0965,0.9820",-2.18%,1.6465
SH513500,标普500ETF博时,2015-07-15,0.5825,2015-07-22,0.5875,2.16%,1.682
"SZ159939,SH510500,SH510170","信息技术ETF,中证500ETF,大宗商品ETF",2015-07-22,"1.4802,7.0121,0.5638",2015-07-29,"1.3854,6.8468,0.5335",-7.04%,1.5636
空仓,-,2015-07-29,-,2015-08-05,-,0.00%,1.5636
SH513500,标普500ETF博时,2015-08-05,0.5855,2015-08-12,0.6000,2.48%,1.6023
"SH510170,SH510410,SH518880","大宗商品ETF,资源ETF博时,黄金ETF",2015-08-12,"0.6045,0.8760,2.3270",2015-08-19,"0.5612,0.8450,2.3100",-1.98%,1.5707
"SH511010,SZ159920,SH510900","国债ETF,恒生ETF,恒生中国企业ETF易方达",2015-08-19,"105.1221,1.0965,0.9884",2015-08-26,"105.5145,1.0099,0.8849",-7.93%,1.4461
"SH511010,SH513500,SZ159941","国债ETF,标普500ETF博时,纳指ETF",2015-08-26,"105.5145,0.5565,0.2150",2015-09-02,"106.5052,0.5645,0.2245",3.30%,1.4938
"SH510050,SH510230,SH518880","上证50ETF,金融ETF,黄金ETF",2015-09-02,"1.8676,0.7521,2.3510",2015-09-11,"1.8317,0.7351,2.2870",-1.44%,1.4722
SH511010,国债ETF,2015-09-11,105.6257,2015-09-18,105.7663,-0.07%,1.4711
SH510900,恒生中国企业ETF易方达,2015-09-18,0.9270,2015-09-25,0.8831,-2.00%,1.4418
"SZ159941,SH510900","纳指ETF,恒生中国企业ETF易方达",2015-09-25,"0.2288,0.8831",2015-10-09,"0.2317,0.9499",2.28%,1.4746
SH511010,国债ETF,2015-10-09,106.2588,2015-10-16,106.4125,0.81%,1.4866
空仓,-,2015-10-16,-,2015-10-23,-,0.00%,1.4866
空仓,-,2015-10-23,-,2015-10-30,-,0.00%,1.4866
"SZ159941,SH513500,SZ159920","纳指ETF,标普500ETF博时,恒生ETF",2015-10-30,"0.2490,0.6060,1.0641",2015-11-06,"0.2500,0.6090,1.0803",0.62%,1.4959
"SH510230,SZ159901,SH510050","金融ETF,深证100ETF易方达,上证50ETF",2015-11-06,"0.8595,2.1941,2.0873",2015-11-13,"0.8495,2.1838,2.0414",2.63%,1.5352
"SH511010,SZ159941,SH510880","国债ETF,纳指ETF,红利ETF华泰柏瑞",2015-11-13,"106.3997,0.2465,1.8441",2015-11-20,"106.4194,0.2495,1.8576",0.45%,1.5421
"SH513500,SZ159941,SZ159920","标普500ETF博时,纳指ETF,恒生ETF",2015-11-20,"0.6115,0.2495,1.0698",2015-11-27,"0.6120,0.2505,1.0480",0.30%,1.5467
SH511010,国债ETF,2015-11-27,106.8332,2015-12-04,107.0036,0.13%,1.5487
"SZ159901,SZ159929,SZ159943","深证100ETF易方达,医药ETF,深证成指ETF大成",2015-12-04,"2.1848,1.5370,1.0781",2015-12-11,"2.1638,1.5270,1.0578",-1.20%,1.5301
"SH511010,SH513500,SH510230","国债ETF,标普500ETF博时,金融ETF",2015-12-11,"107.1445,0.6075,0.8169",2015-12-18,"107.4804,0.6055,0.8478",1.35%,1.5507
"SZ159915,SZ159943,SZ159939","创业板ETF易方达,深证成指ETF大成,信息技术ETF",2015-12-18,"2.6680,1.1152,1.4610",2015-12-25,"2.6200,1.1291,1.4635",-0.65%,1.5405
"SH513500,SH510900,SZ159920","标普500ETF博时,恒生中国企业ETF易方达,恒生ETF",2015-12-25,"0.6135,0.9325,1.0651",2016-01-04,"0.6135,0.8794,1.0289",-0.48%,1.5332
SH511010,国债ETF,2016-01-04,107.8794,2016-01-11,108.2686,0.00%,1.5333
"SH518880,SH511010,SH513500","黄金ETF,国债ETF,标普500ETF博时",2016-01-11,"2.3470,108.2686,0.5865",2016-01-18,"2.3130,108.5336,0.5815",-0.93%,1.519
"SZ159930,SH510410","能源ETF,资源ETF博时",2016-01-18,"0.7890,0.6000",2016-01-25,"0.8070,0.6070",-1.79%,1.4918
SZ159943,深证成指ETF大成,2016-01-25,0.8910,2016-02-01,0.8291,-6.89%,1.389
SZ159920,恒生ETF,2016-02-01,0.9443,2016-02-15,0.9034,-1.21%,1.3721
"SH518880,SH510410","黄金ETF,资源ETF博时",2016-02-15,"2.5470,0.5750",2016-02-22,"2.5550,0.6090",4.47%,1.4335
"SZ159939,SH510880,SZ159928","信息技术ETF,红利ETF华泰柏瑞,消费ETF",2016-02-22,"1.1684,1.5276,1.2190",2016-02-29,"0.9855,1.4294,1.1690",-4.87%,1.3637
"SZ159928,SH510880,SZ159929","消费ETF,红利ETF华泰柏瑞,医药ETF",2016-02-29,"1.1690,1.4294,1.1840",2016-03-07,"1.2280,1.5387,1.2300",2.40%,1.3964
"SH510050,SH510230,SH510180","上证50ETF,金融ETF,上证180ETF",2016-03-07,"1.7632,0.7392,2.2029",2016-03-14,"1.7340,0.7308,2.1701",-2.37%,1.3632
空仓,-,2016-03-14,-,2016-03-21,-,0.00%,1.3632
"SZ159915,SZ159939,SH510500","创业板ETF易方达,信息技术ETF,中证500ETF",2016-03-21,"2.1160,1.1440,5.3054",2016-03-28,"2.0730,1.1301,5.2458",1.82%,1.3881
"SH511010,SZ159943,SH510180","国债ETF,深证成指ETF大成,上证180ETF",2016-03-28,"109.7039,0.8963,2.2340",2016-04-05,"109.9217,0.9228,2.3037",0.80%,1.3992
"SH510880,SH510180,SH510410","红利ETF华泰柏瑞,上证180ETF,资源ETF博时",2016-04-05,"1.6008,2.3037,0.6400",2016-04-12,"1.5864,2.2660,0.6480",0.86%,1.4113
SH518880,黄金ETF,2016-04-12,2.6070,2016-04-19,2.5880,-1.12%,1.3955
SZ159928,消费ETF,2016-04-19,1.2790,2016-04-26,1.2610,-0.70%,1.3857
SH511010,国债ETF,2016-04-26,108.5631,2016-05-04,109.0862,0.66%,1.3948
"SZ159929,SZ159941,SH510900","医药ETF,纳指ETF,恒生中国企业ETF易方达",2016-05-04,"1.3200,0.2340,0.8134",2016-05-11,"1.2800,0.2368,0.7951",-2.37%,1.3617
"SH513500,SH510880,SH510170","标普500ETF博时,红利ETF华泰柏瑞,大宗商品ETF",2016-05-11,"0.6280,1.5020,0.3820",2016-05-18,"0.6155,1.5047,0.3702",-0.10%,1.3603
SH510170,大宗商品ETF,2016-05-18,0.3702,2016-05-25,0.3800,2.31%,1.3918
"SZ159941,SZ159929","纳指ETF,医药ETF",2016-05-25,"0.2395,1.2660",2016-06-01,"0.2445,1.2880",2.22%,1.4227
"SZ159943,SH510880,SH510170","深证成指ETF大成,红利ETF华泰柏瑞,大宗商品ETF",2016-06-01,"0.8945,1.5511,0.3930",2016-06-08,"0.9026,1.5465,0.3920",0.97%,1.4365
"SH510900,SH518880,SZ159920","恒生中国企业ETF易方达,黄金ETF,恒生ETF",2016-06-08,"0.8519,2.6460,1.0423",2016-06-17,"0.8107,2.7150,0.9966",-1.34%,1.4173
"SH510500,SZ159928,SH511010","中证500ETF,消费ETF,国债ETF",2016-06-17,"5.2282,1.3650,109.5719",2016-06-24,"5.1653,1.3400,109.7690",0.43%,1.4234
"SH511010,SZ159928","国债ETF,消费ETF",2016-06-24,"109.7690,1.3400",2016-07-01,"110.1896,1.3780",0.88%,1.4359
"SH510900,SZ159920,SH513500","恒生中国企业ETF易方达,恒生ETF,标普500ETF博时",2016-07-01,"0.8556,1.0423,0.6470",2016-07-08,"0.8464,1.0328,0.6495",0.10%,1.4374
SZ159939,信息技术ETF,2016-07-08,0.6005,2016-07-15,0.6070,1.92%,1.4649
"SZ159920,SH510900,SZ159941","恒生ETF,恒生中国企业ETF易方达,纳指ETF",2016-07-15,"1.0860,0.8931,0.2550",2016-07-22,"1.1003,0.8867,0.2540",1.71%,1.4899
"SH511010,SZ159929,SH510410","国债ETF,医药ETF,资源ETF博时",2016-07-22,"110.5738,1.3920,0.6760",2016-07-29,"110.7512,1.4160,0.6770",-0.57%,1.4815
"SH511010,SH510170,SZ159939","国债ETF,大宗商品ETF,信息技术ETF",2016-07-29,"110.7512,0.4190,0.5780",2016-08-05,"111.0447,0.4223,0.5770",-0.36%,1.4761
"SZ159901,SZ159939,SZ159902","深证100ETF易方达,信息技术ETF,中小100ETF华夏",2016-08-05,"1.9286,0.5770,3.2330",2016-08-12,"1.9789,0.5775,3.2810",0.39%,1.4819
"SH510230,SH510900,SH513500","金融ETF,恒生中国企业ETF易方达,标普500ETF博时",2016-08-12,"0.8060,0.9325,0.6940",2016-08-19,"0.8164,0.9389,0.6890",1.31%,1.5013
"SZ159920,SH510300,SH510900","恒生ETF,沪深300ETF华泰柏瑞,恒生中国企业ETF易方达",2016-08-19,"1.1516,2.8723,0.9389",2016-08-26,"1.1526,2.8235,0.9325",-0.80%,1.4893
"SH510050,SH510880,SH510300","上证50ETF,红利ETF华泰柏瑞,沪深300ETF华泰柏瑞",2016-08-26,"1.8935,1.7029,2.8235",2016-09-02,"1.9036,1.7068,2.8286",-0.19%,1.4864
"SZ159920,SZ159928,SH511010","恒生ETF,消费ETF,国债ETF",2016-09-02,"1.1706,1.4540,110.9787",2016-09-09,"1.2315,1.4410,111.0920",1.03%,1.5018
"SH510900,SZ159928","恒生中国企业ETF易方达,消费ETF",2016-09-09,"0.9957,1.4410",2016-09-20,"0.9554,1.4150",-2.22%,1.4685
SH511010,国债ETF,2016-09-20,111.1964,2016-09-27,111.2447,0.08%,1.4697
SH511010,国债ETF,2016-09-27,111.2447,2016-10-11,111.5166,0.24%,1.4732
"SH512660,SZ159915,SZ159902","军工ETF,创业板ETF易方达,中小100ETF华夏",2016-10-11,"1.0070,2.1180,3.3370",2016-10-18,"1.0050,2.1070,3.3480",-0.99%,1.4586
"SZ159929,SH511010","医药ETF,国债ETF",2016-10-18,"1.4850,111.7462",2016-10-25,"1.4800,111.9609",0.29%,1.4628
"SZ159930,SH510880,SH510900","能源ETF,红利ETF华泰柏瑞,恒生中国企业ETF易方达",2016-10-25,"0.8320,1.7526,0.9774",2016-11-01,"0.8190,1.7382,0.9683",-1.22%,1.4449
"SH512880,SH512000,SZ159941","证券ETF,券商ETF,纳指ETF",2016-11-01,"1.0700,1.0310,0.2725",2016-11-08,"1.0910,1.0490,0.2707",1.29%,1.4636
"SH510880,SH518880","红利ETF华泰柏瑞,黄金ETF",2016-11-08,"1.7513,2.7980",2016-11-15,"1.7696,2.7090",-1.03%,1.4485
"SZ159949,SH510500,SZ159915","创业板50ETF,中证500ETF,创业板ETF易方达",2016-11-15,"0.9291,5.8223,2.0890",2016-11-22,"0.9259,5.8533,2.0860",-0.42%,1.4424
"SH513500,SH510050","标普500ETF博时,上证50ETF",2016-11-22,"0.7895,2.0113",2016-11-29,"0.8220,2.0880",4.94%,1.5137
"SH510050,SZ159928,SH510180","上证50ETF,消费ETF,上证180ETF",2016-11-29,"2.0880,1.5100,2.5825",2016-12-06,"2.0215,1.4770,2.5095",-1.56%,1.4901
"SH513500,SH518880,SH510230","标普500ETF博时,黄金ETF,金融ETF",2016-12-06,"0.8895,2.6260,0.8426",2016-12-13,"0.9360,2.6320,0.8456",1.59%,1.5137
"SZ159920,SH510410,SH512880","恒生ETF,资源ETF博时,证券ETF",2016-12-13,"1.1706,0.6920,1.0530",2016-12-20,"1.1393,0.6710,1.0300",-2.48%,1.4761
"SH512880,SH512000,SH510300","证券ETF,券商ETF,沪深300ETF华泰柏瑞",2016-12-20,"1.0300,0.9750,2.8219",2016-12-27,"1.0270,0.9690,2.8311",-0.06%,1.4752
"SZ159930,SZ159949,SH513500","能源ETF,创业板50ETF,标普500ETF博时",2016-12-27,"0.8210,0.8230,0.9200",2017-01-04,"0.8100,0.8386,0.7310",-9.04%,1.3419
"SZ159901,SZ159920,SH510230","深证100ETF易方达,恒生ETF,金融ETF",2017-01-04,"1.9687,1.1611,0.8181",2017-01-11,"1.9413,1.1963,0.8124",0.53%,1.349
"SZ159920,SH518880,SZ159928","恒生ETF,黄金ETF,消费ETF",2017-01-11,"1.1963,2.6640,1.5000",2017-01-18,"1.1963,2.6850,1.4640",-0.65%,1.3402
"SH510050,SH510880,SH510180","上证50ETF,红利ETF华泰柏瑞,上证180ETF",2017-01-18,"2.0010,1.7879,2.4669",2017-01-25,"2.0121,1.8080,2.4849",1.17%,1.356
"SH510880,SH510180,SH510050","红利ETF华泰柏瑞,上证180ETF,上证50ETF",2017-01-25,"1.8080,2.4849,2.0121",2017-02-08,"1.8053,2.4866,2.0044",-0.38%,1.3509
"SH518880,SH511010","黄金ETF,国债ETF",2017-02-08,"2.7220,109.0311",2017-02-15,"2.7070,108.9582",-0.17%,1.3485
"SH510900,SZ159930,SH513050","恒生中国企业ETF易方达,能源ETF,中概互联网ETF易方达",2017-02-15,"1.0544,0.8490,1.0580",2017-02-22,"1.0599,0.8510,1.0870",1.32%,1.3663
"SZ159928,SZ159901,SZ159902","消费ETF,深证100ETF易方达,中小100ETF华夏",2017-02-22,"1.5720,2.0174,3.1800",2017-03-01,"1.5620,1.9999,3.1880",-0.04%,1.3656
"SH512070,SZ159920,SH510170","证券保险ETF易方达,恒生ETF,大宗商品ETF",2017-03-01,"1.7080,1.2391,0.4538",2017-03-08,"1.6960,1.2448,0.4538",50.31%,2.0527
"SZ159930,SZ159939,SH518880","能源ETF,信息技术ETF,黄金ETF",2017-03-08,"0.8530,0.5575,2.7170",2017-03-15,"0.8470,0.5590,2.7090",-0.76%,2.037
"SH510880,SH510410,SZ159941","红利ETF华泰柏瑞,资源ETF博时,纳指ETF",2017-03-15,"1.8465,0.7090,0.3243",2017-03-22,"1.8371,0.7010,0.3212",-0.05%,2.036
"SH510410,SH512660,SH512070","资源ETF博时,军工ETF,证券保险ETF易方达",2017-03-22,"0.7010,1.0290,1.6680",2017-03-29,"0.6940,1.0430,1.6640",-0.38%,2.0282
"SZ159929,SH510410","医药ETF,资源ETF博时",2017-03-29,"1.4520,0.6940",2017-04-07,"1.4570,0.7090",0.26%,2.0334
"SH512660,SZ159902,SZ159949","军工ETF,中小100ETF华夏,创业板50ETF",2017-04-07,"1.0700,3.3100,0.7910",2017-04-14,"1.0840,3.2530,0.7630",0.39%,2.0413
"SH510170,SH518880,SZ159941","大宗商品ETF,黄金ETF,纳指ETF",2017-04-14,"0.4577,2.8590,0.3175",2017-04-21,"0.4387,2.8270,0.3090",-2.33%,1.9937
"SZ159928,SH511010,SH518880","消费ETF,国债ETF,黄金ETF",2017-04-21,"1.6410,108.6370,2.8270",2017-04-28,"1.6240,108.3562,2.8120",-0.63%,1.9811
"SZ159915,SZ159949,SZ159939","创业板ETF易方达,创业板50ETF,信息技术ETF",2017-04-28,"1.7770,0.7380,0.5345",2017-05-08,"1.7160,0.7200,0.5235",-1.12%,1.9589
"SH511010,SH510880,SH510180","国债ETF,红利ETF华泰柏瑞,上证180ETF",2017-05-08,"107.5789,1.8127,2.4513",2017-05-15,"107.4144,1.8411,2.4792",0.31%,1.965
"SH510230,SH512070,SH510050","金融ETF,证券保险ETF易方达,上证50ETF",2017-05-15,"0.8244,1.6710,2.0266",2017-05-22,"0.8205,1.6710,2.0257",-0.71%,1.9511
"SZ159901,SZ159915,SZ159902","深证100ETF易方达,创业板ETF易方达,中小100ETF华夏",2017-05-22,"1.9809,1.7110,3.1030",2017-05-31,"2.0023,1.6920,3.0870",-0.79%,1.9356
"SH512000,SH512880,SH510880","券商ETF,证券ETF,红利ETF华泰柏瑞",2017-05-31,"0.9380,0.9900,1.8946",2017-06-07,"0.9410,0.9950,1.9061",0.20%,1.9395
"SH512660,SZ159902,SH510500","军工ETF,中小100ETF华夏,中证500ETF",2017-06-07,"0.8630,3.1950,5.2425",2017-06-14,"0.8610,3.2070,5.2500",2.14%,1.9809
"SZ159928,SH511010","消费ETF,国债ETF",2017-06-14,"1.7510,108.3700",2017-06-21,"1.7580,108.3631",-0.10%,1.979
"SZ159901,SH510230,SZ159943","深证100ETF易方达,金融ETF,深证成指ETF大成",2017-06-21,"2.1282,0.8715,0.9154",2017-06-28,"2.1648,0.8893,0.9186",3.32%,2.0447
"SZ159928,SH510410,SH511010","消费ETF,资源ETF博时,国债ETF",2017-06-28,"1.7950,0.6740,108.4075",2017-07-05,"1.7900,0.6910,108.1730",-0.08%,2.0431
"SH510170,SH512660,SH518880","大宗商品ETF,军工ETF,黄金ETF",2017-07-05,"0.4440,0.8970,2.6880",2017-07-12,"0.4563,0.8850,2.6760",1.62%,2.0762
"SZ159920,SZ159929,SZ159928","恒生ETF,医药ETF,消费ETF",2017-07-12,"1.3532,1.4460,1.7560",2017-07-19,"1.3818,1.4260,1.7340",-1.29%,2.0494
SH513500,标普500ETF博时,2017-07-19,0.7690,2017-07-26,0.7700,0.20%,2.0534
"SH513050,SZ159929","中概互联网ETF易方达,医药ETF",2017-07-26,"1.3710,1.4260",2017-08-02,"1.4480,1.4240",3.25%,2.1203
"SZ159920,SH510050,SH510180","恒生ETF,上证50ETF,上证180ETF",2017-08-02,"1.4303,2.3288,2.8071",2017-08-09,"1.4207,2.2741,2.7751",-0.61%,2.1074
"SH510170,SH510410,SZ159928","大宗商品ETF,资源ETF博时,消费ETF",2017-08-09,"0.5420,0.8600,1.8600",2017-08-16,"0.5170,0.8030,1.9100",-0.60%,2.0947
"SZ159949,SZ159939,SZ159915","创业板50ETF,信息技术ETF,创业板ETF易方达",2017-08-16,"0.7320,0.5450,1.7350",2017-08-23,"0.7250,0.5450,1.7170",1.39%,2.1238
"SH512070,SH510230,SH510050","证券保险ETF易方达,金融ETF,上证50ETF",2017-08-23,"1.9610,0.9506,2.3117",2017-08-30,"2.0550,0.9845,2.3680",5.06%,2.2312
"SZ159930,SH510410,SZ159939","能源ETF,资源ETF博时,信息技术ETF",2017-08-30,"0.9050,0.8460,0.5560",2017-09-06,"0.9100,0.8820,0.5785",3.90%,2.3182
"SH512400,SZ159939,SZ159949","有色金属ETF,信息技术ETF,创业板50ETF",2017-09-06,"1.0416,0.5785,0.7720",2017-09-13,"1.0651,0.5765,0.7650",1.35%,2.3494
"SH513050,SH510410,SZ159902","中概互联网ETF易方达,资源ETF博时,中小100ETF华夏",2017-09-13,"1.4270,0.8870,3.6600",2017-09-20,"1.4990,0.8690,3.6710",0.45%,2.3599
"SH513050,SH513500,SH511010","中概互联网ETF易方达,标普500ETF博时,国债ETF",2017-09-20,"1.4990,0.7590,108.2626",2017-09-27,"1.4390,0.7600,108.2538",-1.27%,2.3299
"SZ159930,SH510180,SH512880","能源ETF,上证180ETF,证券ETF",2017-09-27,"0.8830,2.8161,1.1010",2017-10-11,"0.8850,2.8547,1.1040",0.64%,2.3448
"SZ159928,SH513050,SZ159929","消费ETF,中概互联网ETF易方达,医药ETF",2017-10-11,"2.1370,1.5200,1.5330",2017-10-18,"2.1030,1.5260,1.5380",1.71%,2.3848
"SH510900,SH512550,SH511010","恒生中国企业ETF易方达,富时A50,国债ETF",2017-10-18,"1.1469,1.0500,107.9888",2017-10-25,"1.1377,1.0560,107.9878",-0.10%,2.3825
"SZ159949,SH512200,SZ159929","创业板50ETF,房地产ETF,医药ETF",2017-10-25,"0.7680,0.9610,1.6000",2017-11-01,"0.7290,0.9570,1.5830",-1.13%,2.3556
"SZ159941,SH513500,SZ159929","纳指ETF,标普500ETF博时,医药ETF",2017-11-01,"0.3425,0.7955,1.5830",2017-11-08,"0.3440,0.7955,1.6670",2.46%,2.4137
"SZ159928,SZ159929,SH512660","消费ETF,医药ETF,军工ETF",2017-11-08,"2.3840,1.6670,0.9030",2017-11-15,"2.2810,1.6170,0.8960",-1.84%,2.3693
"SZ159929,SH512000,SH512880","医药ETF,券商ETF,证券ETF",2017-11-15,"1.6170,0.9910,1.0460",2017-11-22,"1.6220,1.0100,1.0650",1.08%,2.3949
"SH513050,SH510230,SH512550","中概互联网ETF易方达,金融ETF,富时A50",2017-11-22,"1.5760,1.0625,1.1680",2017-11-29,"1.5470,1.0235,1.1180",-2.71%,2.33
"SH511010,SH518880,SH510180","国债ETF,黄金ETF,上证180ETF",2017-11-29,"107.6193,2.7380,2.9773",2017-12-06,"107.2696,2.6860,2.9518",-0.18%,2.3258
"SH510170,SH512400,SH513050","大宗商品ETF,有色金属ETF,中概互联网ETF易方达",2017-12-06,"0.4970,0.8673,1.4260",2017-12-13,"0.4920,0.8840,1.4840",0.64%,2.3408
"SZ159928,SZ159902,SZ159929","消费ETF,中小100ETF华夏,医药ETF",2017-12-13,"2.3100,3.7240,1.5890",2017-12-20,"2.3500,3.6340,1.5850",0.67%,2.3566
"SH511010,SH512660,SH512880","国债ETF,军工ETF,证券ETF",2017-12-20,"107.8942,0.8590,0.9670",2017-12-27,"107.9779,0.8350,0.9470",-1.88%,2.3124
"SH510410,SH510170,SH511010","资源ETF博时,大宗商品ETF,国债ETF",2017-12-27,"0.8030,0.4997,107.9779",2018-01-04,"0.8500,0.5268,107.9573",3.48%,2.3927
"SH512200,SZ159930,SH510900","房地产ETF,能源ETF,恒生中国企业ETF易方达",2018-01-04,"1.0060,0.8840,1.1780",2018-01-11,"1.0640,0.9080,1.1863",4.68%,2.5048
"SZ159928,SH512550,SZ159941","消费ETF,富时A50,纳指ETF",2018-01-11,"2.5150,1.1700,0.3582",2018-01-18,"2.5520,1.2150,0.3635",1.59%,2.5447
"SH512070,SH510230,SH510900","证券保险ETF易方达,金融ETF,恒生中国企业ETF易方达",2018-01-18,"2.2100,1.0702,1.2467",2018-01-25,"2.2260,1.0934,1.2751",4.23%,2.6523
"SH512980,SZ159949,SZ159915","传媒ETF,创业板50ETF,创业板ETF易方达",2018-01-25,"1.0650,0.6870,1.7080",2018-02-01,"0.9940,0.6460,1.6030",-4.38%,2.536
"SH518880,SH510880,SZ159929","黄金ETF,红利ETF华泰柏瑞,医药ETF",2018-02-01,"2.7290,2.2542,1.5850",2018-02-08,"2.6800,2.1646,1.5100",-3.69%,2.4425
"SH511010,SH510170,SH510880","国债ETF,大宗商品ETF,红利ETF华泰柏瑞",2018-02-08,"108.4055,0.5088,2.1646",2018-02-22,"108.7306,0.5045,2.1618",-2.82%,2.3737
"SH513050,SH512400,SZ159928","中概互联网ETF易方达,有色金属ETF,消费ETF",2018-02-22,"1.5470,0.8977,2.3800",2018-03-01,"1.5320,0.9035,2.3220",2.65%,2.4365
"SZ159939,SZ159949,SH512660","信息技术ETF,创业板50ETF,军工ETF",2018-03-01,"0.5480,0.6870,0.7920",2018-03-08,"0.5475,0.6820,0.7970",1.98%,2.4847
"SZ159929,SZ159941,SH510810","医药ETF,纳指ETF,上海国企ETF汇添富",2018-03-08,"1.6260,0.3602,0.8865",2018-03-15,"1.6340,0.3663,0.8919",1.33%,2.5178
"SH511010,SH510880","国债ETF,红利ETF华泰柏瑞",2018-03-15,"109.1345,2.1450",2018-03-22,"109.1867,2.1058",-0.65%,2.5013
"SH511260,SH510810,SH510410","十年国债ETF,上海国企ETF汇添富,资源ETF博时",2018-03-22,"97.7873,0.8792,0.7820",2018-03-29,"97.7292,0.8455,0.7600",-2.80%,2.4313
SZ159949,创业板50ETF,2018-03-29,0.7050,2018-04-09,0.6980,-0.29%,2.4243
"SH511260,SH511010,SZ159941","十年国债ETF,国债ETF,纳指ETF",2018-04-09,"98.6098,109.8369,0.3390",2018-04-16,"98.7810,110.4221,0.3440",0.69%,2.441
"SH511010,SH511260,SH510500","国债ETF,十年国债ETF,中证500ETF",2018-04-16,"110.4221,98.7810,5.3004",2018-04-23,"110.4408,99.9616,5.1384",-0.22%,2.4356
空仓,-,2018-04-23,-,2018-05-02,-,0.00%,2.4356
"SZ159930,SH510410,SZ159939","能源ETF,资源ETF博时,信息技术ETF",2018-05-02,"0.7700,0.7280,0.5375",2018-05-09,"0.7900,0.7410,0.5515",1.77%,2.4788
"SZ159929,SH513050,SZ159930","医药ETF,中概互联网ETF易方达,能源ETF",2018-05-09,"1.7680,1.4680,0.7900",2018-05-16,"1.8160,1.4750,0.7870",1.91%,2.5262
SZ159930,能源ETF,2018-05-16,0.7870,2018-05-23,0.8140,3.64%,2.6183
"SH511260,SH511010,SH513050","十年国债ETF,国债ETF,中概互联网ETF易方达",2018-05-23,"99.2729,110.5482,1.4520",2018-05-30,"100.1584,110.4733,1.4430",0.28%,2.6257
"SH511260,SZ159943,SH510410","十年国债ETF,深证成指ETF大成,资源ETF博时",2018-05-30,"100.1584,0.9138,0.7130",2018-06-06,"99.8298,0.9263,0.7200",-0.51%,2.6123
"SH513050,SZ159941,SZ159920","中概互联网ETF易方达,纳指ETF,恒生ETF",2018-06-06,"1.5350,0.3840,1.5434",2018-06-13,"1.5650,0.3865,1.5206",0.89%,2.6356
"SH513500,SH510410,SH512660","标普500ETF博时,资源ETF博时,军工ETF",2018-06-13,"0.8355,0.7070,0.7180",2018-06-21,"0.8365,0.6630,0.6510",-5.10%,2.5011
"SH518880,SH510050,SH510880","黄金ETF,上证50ETF,红利ETF华泰柏瑞",2018-06-21,"2.6410,2.2537,1.9316",2018-06-28,"2.6550,2.1224,1.8498",-3.04%,2.425
"SZ159943,SZ159920,SH510810","深证成指ETF大成,恒生ETF,上海国企ETF汇添富",2018-06-28,"0.8462,1.4350,0.7644",2018-07-05,"0.8386,1.4350,0.7498",-1.15%,2.3971
"SH518880,SH510810,SH510300","黄金ETF,上海国企ETF汇添富,沪深300ETF华泰柏瑞",2018-07-05,"2.6750,0.7498,2.9036",2018-07-12,"2.6680,0.7735,3.0434",0.79%,2.416
"SZ159929,SZ159941,SH513500","医药ETF,纳指ETF,标普500ETF博时",2018-07-12,"1.7100,0.4092,0.8705",2018-07-19,"1.6980,0.4100,0.8800",1.53%,2.453
"SH511010,SZ159943,SH510810","国债ETF,深证成指ETF大成,上海国企ETF汇添富",2018-07-19,"111.7146,0.8377,0.7607",2018-07-26,"111.7265,0.8414,0.7917",1.36%,2.4864
空仓,-,2018-07-26,-,2018-08-02,-,0.00%,2.4864
"SH511010,SH510810,SZ159929","国债ETF,上海国企ETF汇添富,医药ETF",2018-08-02,"112.1077,0.7726,1.5820",2018-08-09,"112.0880,0.7635,1.5200",-3.41%,2.4016
"SH512070,SZ159920,SH510900","证券保险ETF易方达,恒生ETF,恒生中国企业ETF易方达",2018-08-09,"1.6620,1.5070,1.1870",2018-08-16,"1.6180,1.4400,1.1410",-1.55%,2.3645
"SH518880,SH512070,SH510880","黄金ETF,证券保险ETF易方达,红利ETF华泰柏瑞",2018-08-16,"2.6040,1.6180,1.8344",2018-08-23,"2.6270,1.6770,1.8519",0.35%,2.3726
"SH512070,SH513050,SH510050","证券保险ETF易方达,中概互联网ETF易方达,上证50ETF",2018-08-23,"1.6770,1.3630,2.1815",2018-08-30,"1.6800,1.3660,2.2024",1.59%,2.4105
"SZ159941,SH513500,SH511260","纳指ETF,标普500ETF博时,十年国债ETF",2018-08-30,"0.4333,0.9250,100.8432",2018-09-06,"0.4245,0.9130,100.5402",0.39%,2.4199
"SH512660,SH511260","军工ETF,十年国债ETF",2018-09-06,"0.7260,100.5402",2018-09-13,"0.7360,100.1102",0.17%,2.424
"SH513500,SH511260,SZ159928","标普500ETF博时,十年国债ETF,消费ETF",2018-09-13,"0.9195,100.1102,1.9030",2018-09-20,"0.9255,100.3257,2.0100",2.29%,2.4794
"SZ159928,SH512880","消费ETF,证券ETF",2018-09-20,"2.0100,0.7150",2018-09-28,"2.1640,0.7290",3.57%,2.5679
"SZ159928,SZ159929,SZ159930","消费ETF,医药ETF,能源ETF",2018-09-28,"2.1640,1.5040,0.8030",2018-10-12,"1.9910,1.4100,0.7790",-6.17%,2.4093
"SH511260,SZ159943,SH512770","十年国债ETF,深证成指ETF大成,战略新兴ETF",2018-10-12,"101.1561,0.6824,0.8700",2018-10-19,"101.4060,0.6611,0.8370",-3.00%,2.3371
"SH511010,SH511260,SZ159929","国债ETF,十年国债ETF,医药ETF",2018-10-19,"112.8131,101.4060,1.3030",2018-10-26,"112.5993,101.5053,1.2720",-0.27%,2.3308
"SH518880,SH510810,SH512660","黄金ETF,上海国企ETF汇添富,军工ETF",2018-10-26,"2.7570,0.7106,0.6310",2018-11-02,"2.7310,0.7307,0.6600",0.47%,2.3416
"SZ159928,SH512770,SZ159949","消费ETF,战略新兴ETF,创业板50ETF",2018-11-02,"1.8250,0.8900,0.4850",2018-11-09,"1.7750,0.8800,0.4740",2.85%,2.4084
"SH513500,SH511260,SH511010","标普500ETF博时,十年国债ETF,国债ETF",2018-11-09,"0.8995,102.1557,112.9983",2018-11-16,"0.8745,103.0195,113.8327",-0.77%,2.3899
"SH512980,SH512200,SZ159939","传媒ETF,房地产ETF,信息技术ETF",2018-11-16,"0.7290,0.7730,0.4180",2018-11-23,"0.6800,0.7510,0.3890",-0.53%,2.3773
"SH518880,SH511260,SH510900","黄金ETF,十年国债ETF,恒生中国企业ETF易方达",2018-11-23,"2.7310,102.9959,1.1420",2018-11-30,"2.7320,102.9005,1.1730",0.53%,2.3899
"SZ159941,SH513500,SH512400","纳指ETF,标普500ETF博时,有色金属ETF",2018-11-30,"0.3887,0.8810,0.5785",2018-12-07,"0.3823,0.8605,0.5874",-0.78%,2.3712
"SH518880,SH511010,SH511260","黄金ETF,国债ETF,十年国债ETF",2018-12-07,"2.7380,113.9342,103.6807",2018-12-14,"2.7450,113.9480,103.2891",0.19%,2.3758
"SZ159930,SH518880","能源ETF,黄金ETF",2018-12-14,"0.7030,2.7450",2018-12-21,"0.6680,2.7880",-0.89%,2.3547
"SH518880,SZ159920,SH510880","黄金ETF,恒生ETF,红利ETF华泰柏瑞",2018-12-21,"2.7880,1.3730,1.8120",2018-12-28,"2.8260,1.3540,1.8071",0.06%,2.3562
"SH511260,SZ159929,SZ159901","十年国债ETF,医药ETF,深证100ETF易方达",2018-12-28,"104.4225,1.1880,1.6140",2019-01-08,"104.3812,1.1550,1.6471",-0.04%,2.3553
"SH512660,SH510500,SH512980","军工ETF,中证500ETF,传媒ETF",2019-01-08,"0.6610,3.8479,0.6740",2019-01-15,"0.6640,3.9058,0.6820",-1.02%,2.3312
SH511010,国债ETF,2019-01-15,114.7745,2019-01-22,114.7854,0.01%,2.3314
空仓,-,2019-01-22,-,2019-01-29,-,0.00%,2.3314
"SH512550,SH510230,SH510050","富时A50,金融ETF,上证50ETF",2019-01-29,"0.9670,0.8762,2.1715",2019-02-12,"0.9970,0.9013,2.2389",3.53%,2.4137
"SZ159949,SZ159915,SZ159939","创业板50ETF,创业板ETF易方达,信息技术ETF",2019-02-12,"0.4670,1.2780,0.4025",2019-02-19,"0.4930,1.3460,0.4510",8.44%,2.6174
"SH510410,SH518880","资源ETF博时,黄金ETF",2019-02-19,"0.6070,2.8780",2019-02-26,"0.6620,2.8560",3.84%,2.7179
"SH512000,SH512880,SZ159939","券商ETF,证券ETF,信息技术ETF",2019-02-26,"0.9980,1.0440,0.5290",2019-03-05,"0.9950,1.0430,0.5185",-1.71%,2.6713
"SZ159915,SZ159949,SZ159901","创业板ETF易方达,创业板50ETF,深证100ETF易方达",2019-03-05,"1.6150,0.5980,2.1960",2019-03-12,"1.6960,0.6110,2.1867",3.84%,2.7739
SZ159939,信息技术ETF,2019-03-12,0.5975,2019-03-19,0.5290,-5.60%,2.6186
"SZ159928,SZ159930,SH512770","消费ETF,能源ETF,战略新兴ETF",2019-03-19,"2.4980,0.7650,1.0690",2019-03-26,"2.3950,0.7310,1.0150",-3.25%,2.5334
"SH511260,SH511010,SH512200","十年国债ETF,国债ETF,房地产ETF",2019-03-26,"105.4005,115.1213,0.9170",2019-04-02,"104.7128,114.9883,0.9900",1.94%,2.5825
"SH512660,SZ159939,SH512400","军工ETF,信息技术ETF,有色金属ETF",2019-04-02,"0.8600,0.5560,0.7224",2019-04-10,"0.8460,0.5380,0.7185",-0.52%,2.569
"SH512550,SH510050,SZ159920","富时A50,上证50ETF,恒生ETF",2019-04-10,"1.1830,2.6292,1.5680",2019-04-17,"1.1990,2.6585,1.5610",1.14%,2.5982
"SH510810,SZ159943,SH513500","上海国企ETF汇添富,深证成指ETF大成,标普500ETF博时",2019-04-17,"0.9411,0.9317,0.9100",2019-04-24,"0.9211,0.9296,0.9190",-0.53%,2.5843
"SH513500,SH511260,SZ159959","标普500ETF博时,十年国债ETF,央企ETF银华",2019-04-24,"0.9190,102.7657,1.1280",2019-05-08,"0.9080,103.5154,1.0100",-2.25%,2.5262
"SH518880,SH511260,SH511010","黄金ETF,十年国债ETF,国债ETF",2019-05-08,"2.8040,103.5154,114.6100",2019-05-15,"2.8440,104.0978,114.6543",1.07%,2.5533
SH511030,公司债ETF,2019-05-15,2.6496,2019-05-22,2.6484,0.05%,2.5546
"SH518880,SZ159920,SZ159930","黄金ETF,恒生ETF,能源ETF",2019-05-22,"2.8340,1.4830,0.7230",2019-05-29,"2.8610,1.4640,0.7230",-0.55%,2.5404
"SZ159928,SH512070,SH512690","消费ETF,证券保险ETF易方达,酒ETF",2019-05-29,"2.7270,2.1140,0.3596",2019-06-05,"2.6680,2.0650,0.3405",-2.23%,2.4839
"SH518880,SH511260,SH511010","黄金ETF,十年国债ETF,国债ETF",2019-06-05,"2.9630,104.7561,115.3183",2019-06-13,"2.9770,104.5612,115.0602",0.20%,2.4888
"SH512400,SH510410,SZ159930","有色金属ETF,资源ETF博时,能源ETF",2019-06-13,"0.6461,0.6240,0.7260",2019-06-20,"0.6500,0.6280,0.7350",-0.67%,2.4722
"SH510230,SH512550,SH510050","金融ETF,富时A50,上证50ETF",2019-06-20,"1.0676,1.1810,2.6204",2019-06-27,"1.0558,1.1740,2.6212",1.80%,2.5168
SH512200,房地产ETF,2019-06-27,0.8650,2019-07-04,0.8990,3.70%,2.6099
"SH512660,SH512200,SH513520","军工ETF,房地产ETF,日经ETF",2019-07-04,"0.7820,0.8990,1.0120",2019-07-11,"0.7480,0.8570,1.0070",-2.71%,2.5391
空仓,-,2019-07-11,-,2019-07-18,-,0.00%,2.5391
"SH511010,SH512910,SH510050","国债ETF,中证A100ETF,上证50ETF",2019-07-18,"115.8562,0.8653,2.5769",2019-07-25,"115.8947,0.8929,2.6408",0.97%,2.5638
"SZ159902,SH512770,SH512910","中小100ETF华夏,战略新兴ETF,中证A100ETF",2019-07-25,"2.8460,0.9890,0.8929",2019-08-01,"2.8380,0.9920,0.8808",1.30%,2.5972
"SH510810,SH512550,SZ159920","上海国企ETF汇添富,富时A50,恒生ETF",2019-08-01,"0.8755,1.1770,1.4970",2019-08-08,"0.8273,1.1430,1.4490",-5.51%,2.454
"SH518880,SH510810,SH512980","黄金ETF,上海国企ETF汇添富,传媒ETF",2019-08-08,"3.3860,0.8273,0.6800",2019-08-15,"3.4140,0.8273,0.6900",0.86%,2.4752
"SH512170,SZ159929,SZ159949","医疗ETF,医药ETF,创业板50ETF",2019-08-15,"0.3680,1.4230,0.5410",2019-08-22,"0.3787,1.4630,0.5630",3.89%,2.5715
"SH512670,SH511260","国防ETF,十年国债ETF",2019-08-22,"0.5040,106.3578",2019-08-29,"0.5180,106.4867",1.10%,2.5997
"SH512930,SH512480,SH512670","AI人工智能ETF,半导体ETF,国防ETF",2019-08-29,"0.9364,0.5650,0.5180",2019-09-05,"0.9908,0.6180,0.5575",8.28%,2.815
"SH512480,SZ159939,SH512930","半导体ETF,信息技术ETF,AI人工智能ETF",2019-09-05,"0.6180,0.5445,0.9908",2019-09-12,"0.6330,0.5615,1.0098",3.74%,2.9205
"SH512000,SH512880,SH513520","券商ETF,证券ETF,日经ETF",2019-09-12,"0.9860,1.0370,1.0400",2019-09-20,"0.9390,0.9860,1.0540",-1.24%,2.8843
"SH512690,SH513520,SH513500","酒ETF,日经ETF,标普500ETF博时",2019-09-20,"0.4207,1.0540,0.9910",2019-09-27,"0.4174,1.0650,0.9870",-0.12%,2.8809
"SH511010,SH511260,SH512070","国债ETF,十年国债ETF,证券保险ETF易方达",2019-09-27,"116.4069,105.6917,2.2640",2019-10-11,"116.5478,105.8629,2.2840",-0.08%,2.8786
"SH512170,SH512200,SZ159929","医疗ETF,房地产ETF,医药ETF",2019-10-11,"0.4163,0.8670,1.5360",2019-10-18,"0.4237,0.8550,1.5520",1.54%,2.9229
"SH513050,SZ159901,SH512040","中概互联网ETF易方达,深证100ETF易方达,价值100ETF",2019-10-18,"1.2370,2.3136,0.5008",2019-10-25,"1.2270,2.3580,0.5044",-1.08%,2.8914
SH511010,国债ETF,2019-10-25,116.4601,2019-11-01,116.2690,-0.18%,2.8863
SZ159930,能源ETF,2019-11-01,0.6830,2019-11-08,0.6820,0.29%,2.8948
"SZ159930,SH518880","能源ETF,黄金ETF",2019-11-08,"0.6820,3.2690",2019-11-15,"0.6530,3.2680",-2.43%,2.8245
"SH512170,SH515000,SH512690","医疗ETF,科技ETF,酒ETF",2019-11-15,"0.4417,1.2190,0.4299",2019-11-22,"0.4313,1.2000,0.4233",0.51%,2.8388
"SH510170,SH513050,SH510050","大宗商品ETF,中概互联网ETF易方达,上证50ETF",2019-11-22,"0.3983,1.2660,2.6319",2019-11-29,"0.4002,1.3190,2.6062",2.12%,2.8988
"SH512480,SZ159941,SZ159939","半导体ETF,纳指ETF,信息技术ETF",2019-11-29,"0.6245,0.4885,0.5285",2019-12-06,"0.6820,0.4678,0.5510",2.56%,2.9731
"SH512480,SZ159949,SH515000","半导体ETF,创业板50ETF,科技ETF",2019-12-06,"0.6820,0.6250,1.2230",2019-12-13,"0.7310,0.6420,1.2420",3.56%,3.0791
"SH512480,SZ159920,SH510900","半导体ETF,恒生ETF,恒生中国企业ETF易方达",2019-12-13,"0.7310,1.5200,1.2310",2019-12-20,"0.7140,1.5360,1.2550",1.57%,3.1273
"SH513050,SH512480","中概互联网ETF易方达,半导体ETF",2019-12-20,"1.4060,0.7140",2019-12-27,"1.4740,0.7150",3.09%,3.2239
"SH512400,SH510410,SH510170","有色金属ETF,资源ETF博时,大宗商品ETF",2019-12-27,"0.7038,0.6330,0.4378",2020-01-06,"0.7587,0.6760,0.4642",6.76%,3.4418
"SH512980,SH512400,SZ159939","传媒ETF,有色金属ETF,信息技术ETF",2020-01-06,"0.9050,0.7587,0.6090",2020-01-13,"0.9290,0.7420,0.6360",2.33%,3.5219
"SH512690,SH513050,SH512770","酒ETF,中概互联网ETF易方达,战略新兴ETF",2020-01-13,"0.4582,1.5420,1.2460",2020-01-20,"0.4519,1.5140,1.2820",0.28%,3.5319
"SH515000,SH512170,SZ159929","科技ETF,医疗ETF,医药ETF",2020-01-20,"1.4330,0.4550,1.6580",2020-02-04,"1.3600,0.4563,1.6040",-6.16%,3.3142
"SH511260,SH510170,SH510500","十年国债ETF,大宗商品ETF,中证500ETF",2020-02-04,"109.0576,0.4017,4.5553",2020-02-11,"109.5092,0.4235,4.8632",5.26%,3.4886
"SZ159941,SZ159928,SH510170","纳指ETF,消费ETF,大宗商品ETF",2020-02-11,"0.5640,2.9490,0.4235",2020-02-18,"0.5583,3.0020,0.4525",4.96%,3.6615
"SH512480,SZ159995,SZ159939","半导体ETF,芯片ETF,信息技术ETF",2020-02-18,"1.0650,1.1800,0.7065",2020-02-25,"1.2240,1.4010,0.7710",16.70%,4.273
"SH515880,SZ159995,SH512480","通信ETF,芯片ETF,半导体ETF",2020-02-25,"1.3880,1.4010,1.2240",2020-03-03,"1.2880,1.1590,1.0215",-11.53%,3.7801
"SH511260,SH513520,SH518880","十年国债ETF,日经ETF,黄金ETF",2020-03-03,"109.8997,1.0140,3.5360",2020-03-10,"111.2506,0.9840,3.6120",-0.22%,3.772
空仓,-,2020-03-10,-,2020-03-17,-,0.00%,3.772
"SH511010,SH511260,SH515450","国债ETF,十年国债ETF,红利低波50ETF",2020-03-17,"119.9830,110.1674,0.6856",2020-03-24,"120.4963,110.6623,0.6669",-1.68%,3.7086
空仓,-,2020-03-24,-,2020-03-31,-,0.00%,3.7086
"SH511010,SH511260,SH510810","国债ETF,十年国债ETF,上海国企ETF汇添富",2020-03-31,"121.3642,110.9958,0.7143",2020-04-08,"122.5385,111.7780,0.7161",0.67%,3.7333
"SH512670,SH512660,SZ159939","国防ETF,军工ETF,信息技术ETF",2020-04-08,"0.5725,0.8040,0.6150",2020-04-15,"0.5640,0.7880,0.5980",-0.15%,3.7276
"SH518880,SH511030","黄金ETF,公司债ETF",2020-04-15,"3.7020,3.0334",2020-04-22,"3.6740,3.0363",-0.40%,3.7128
"SZ159998,SH512980,SH510410","计算机ETF,传媒ETF,资源ETF博时",2020-04-22,"1.0230,0.8380,0.5460",2020-04-29,"0.9830,0.8170,0.5310",-3.06%,3.5992
"SZ159941,SH513520,SH513500","纳指ETF,日经ETF,标普500ETF博时",2020-04-29,"0.5242,0.9800,0.9655",2020-05-11,"0.5285,0.9960,0.9810",2.80%,3.6998
"SH515880,SH512690,SH512670","通信ETF,酒ETF,国防ETF",2020-05-11,"1.1670,0.4508,0.6055",2020-05-18,"1.1140,0.4758,0.6250",1.26%,3.7463
"SH518880,SZ159943,SZ159959","黄金ETF,深证成指ETF大成,央企ETF银华",2020-05-18,"3.9270,0.9995,0.9670",2020-05-25,"3.8580,0.9714,0.9320",-1.68%,3.6835
"SH515210,SH515450,SH515080","钢铁ETF,红利低波50ETF,中证红利ETF",2020-05-25,"0.8393,0.6583,0.7486",2020-06-01,"0.8681,0.6698,0.7693",1.10%,3.7238
"SH512690,SH512400,SZ159996","酒ETF,有色金属ETF,家电ETF",2020-06-01,"0.5012,0.6715,1.0150",2020-06-08,"0.5100,0.6725,1.0230",2.43%,3.8143
"SH512690,SH513500,SH515030","酒ETF,标普500ETF博时,新能源车ETF",2020-06-08,"0.5100,1.0585,0.9230",2020-06-15,"0.5005,0.9805,0.9240",-0.86%,3.7815
"SH512170,SZ159949,SZ159915","医疗ETF,创业板50ETF,创业板ETF易方达",2020-06-15,"0.6093,0.8490,2.1410",2020-06-22,"0.6377,0.9050,2.2640",5.05%,3.9725
"SZ159995,SH512880,SH512000","芯片ETF,证券ETF,券商ETF",2020-06-22,"1.1490,1.0020,0.9540",2020-07-01,"1.1910,1.0310,0.9820",4.67%,4.1582
"SZ159928,SH512770,SH518880","消费ETF,战略新兴ETF,黄金ETF",2020-07-01,"3.8310,1.6090,3.9390",2020-07-08,"4.1660,1.7640,3.9280",6.82%,4.4419
"SH512670,SH512660,SH512480","国防ETF,军工ETF,半导体ETF",2020-07-08,"0.7490,1.0110,1.2195",2020-07-15,"0.7290,1.0010,1.2410",11.92%,4.9713
"SH512690,SZ159992,SZ159928","酒ETF,创新药ETF,消费ETF",2020-07-15,"0.6825,1.4710,4.4730",2020-07-22,"0.6398,1.4770,4.3500",-3.21%,4.8118
"SH510170,SH513050,SZ159992","大宗商品ETF,中概互联网ETF易方达,创新药ETF",2020-07-22,"0.5167,2.0060,1.4770",2020-07-29,"0.5238,1.9470,1.5170",-0.71%,4.7777
SH518880,黄金ETF,2020-07-29,4.2060,2020-08-05,4.3200,0.19%,4.7868
"SZ159992,SH515030,SH512400","创新药ETF,新能源车ETF,有色金属ETF",2020-08-05,"1.6130,1.1240,0.8800",2020-08-12,"1.4550,1.1000,0.8194",-2.77%,4.6543
"SH513520,SZ159972,SZ159985","日经ETF,5年地债ETF,豆粕ETF",2020-08-12,"1.0890,96.2721,0.9950",2020-08-19,"1.1050,95.3920,1.0140",0.85%,4.6937
"SH512690,SH512400,SH515220","酒ETF,有色金属ETF,煤炭ETF",2020-08-19,"0.6601,0.8546,1.0220",2020-08-26,"0.6961,0.8066,0.9819",-0.27%,4.6811
"SH513050,SH512690,SZ159928","中概互联网ETF易方达,酒ETF,消费ETF",2020-08-26,"2.1440,0.6961,4.6470",2020-09-02,"2.1580,0.7185,4.8950",3.18%,4.8301
"SZ159941,SZ159939,SH515880","纳指ETF,信息技术ETF,通信ETF",2020-09-02,"0.7440,0.7755,1.2710",2020-09-09,"0.6622,0.7245,1.1920",-1.97%,4.7347
"SH510900,SZ159920,SH512890","恒生中国企业ETF易方达,恒生ETF,红利低波ETF华泰柏瑞",2020-09-09,"1.1140,1.3410,0.6550",2020-09-16,"1.1190,1.3490,0.6565",-0.97%,4.6889
"SH515030,SH513050,SH512040","新能源车ETF,中概互联网ETF易方达,价值100ETF",2020-09-16,"1.0830,2.0160,0.6556",2020-09-23,"1.0950,1.9500,0.6570",-0.69%,4.6563
"SH511010,SZ159920,SH513080","国债ETF,恒生ETF,法国CAC40ETF",2020-09-23,"119.3831,1.2980,0.9990",2020-09-30,"118.9082,1.2890,0.9940",-1.02%,4.6088
"SZ159941,SH515030,SH518880","纳指ETF,新能源车ETF,黄金ETF",2020-09-30,"0.6485,1.0990,3.9740",2020-10-15,"0.6550,1.2120,3.9530",5.31%,4.8536
"SZ159996,SH511360,SZ159972","家电ETF,短融ETF海富通,5年地债ETF",2020-10-15,"1.2710,100.4190,95.4466",2020-10-22,"1.2700,100.4700,95.5115",0.49%,4.8772
"SH512690,SH511010,SH515210","酒ETF,国债ETF,钢铁ETF",2020-10-22,"0.7369,119.2048,0.9972",2020-10-29,"0.7641,119.0265,0.9964",0.96%,4.9239
"SH512170,SH513050,SZ159992","医疗ETF,中概互联网ETF易方达,创新药ETF",2020-10-29,"0.7653,2.2060,1.3770",2020-11-05,"0.7520,2.2330,1.3740",0.40%,4.9435
"SH515030,SH512400,SZ159996","新能源车ETF,有色金属ETF,家电ETF",2020-11-05,"1.3930,0.8331,1.4000",2020-11-12,"1.3490,0.8507,1.4100",1.82%,5.0335
"SH513080,SH512690,SZ159930","法国CAC40ETF,酒ETF,能源ETF",2020-11-12,"1.0630,0.8300,0.6390",2020-11-19,"1.0790,0.8049,0.6480",0.81%,5.0744
"SH512200,SH510230,SH512070","房地产ETF,金融ETF,证券保险ETF易方达",2020-11-19,"0.9300,1.1209,2.5790",2020-11-26,"0.9120,1.1352,2.6180",-0.17%,5.0657
"SH513520,SH513080,SH513500","日经ETF,法国CAC40ETF,标普500ETF博时",2020-11-26,"1.2310,1.1110,1.1245",2020-12-03,"1.2430,1.1190,1.1295",1.39%,5.136
"SZ159992,SH512170,SZ159929","创新药ETF,医疗ETF,医药ETF",2020-12-03,"1.3010,0.7100,2.2360",2020-12-10,"1.2910,0.7257,2.2210",1.23%,5.1991
"SZ159972,SZ159822,SH515000","5年地债ETF,新经济ETF银华,科技ETF",2020-12-10,"96.1332,1.0140,1.7120",2020-12-17,"95.9794,1.0240,1.7530",0.28%,5.2136
"SZ159992,SH512690,SZ159929","创新药ETF,酒ETF,医药ETF",2020-12-17,"1.3690,0.9241,2.3240",2020-12-24,"1.3660,0.9156,2.3210",3.58%,5.4003
"SH512670,SH512660,SH511010","国防ETF,军工ETF,国债ETF",2020-12-24,"0.9500,1.1920,119.3230",2020-12-31,"1.0405,1.2880,119.5112",2.92%,5.5577
"SH512690,SZ159998,SH513520","酒ETF,计算机ETF,日经ETF",2020-12-31,"0.9888,1.1010,1.2800",2021-01-08,"1.0576,1.1180,1.2890",4.69%,5.8186
"SH512770,SH510410,SH512400","战略新兴ETF,资源ETF博时,有色金属ETF",2021-01-08,"2.3280,0.8180,1.1101",2021-01-15,"2.2840,0.7770,1.0426",-4.88%,5.5348
"SH513520,SH588000,SZ159920","日经ETF,科创50ETF,恒生ETF",2021-01-15,"1.3420,1.4920,1.5040",2021-01-22,"1.3080,1.5360,1.5420",2.08%,5.65
"SH512170,SZ159992,SZ159941","医疗ETF,创新药ETF,纳指ETF",2021-01-22,"0.9330,1.5060,0.6683",2021-01-29,"0.8583,1.4160,0.6543",-1.60%,5.5594
"SH511260,SH512890,SH510810","十年国债ETF,红利低波ETF华泰柏瑞,上海国企ETF汇添富",2021-01-29,"108.5036,0.6415,0.8218",2021-02-05,"108.5695,0.6515,0.8027",-0.93%,5.5074
"SH513500,SH512550,SH513050","标普500ETF博时,富时A50,中概互联网ETF易方达",2021-02-05,"1.1845,1.9270,2.4650",2021-02-19,"1.1890,1.9950,2.5350",4.25%,5.7414
"SH510410,SH512400,SH510170","资源ETF博时,有色金属ETF,大宗商品ETF",2021-02-19,"0.8960,1.1972,0.7168",2021-02-26,"0.8560,1.1209,0.6875",-0.95%,5.6867
"SH511360,SH515880,SH512000","短融ETF海富通,通信ETF,券商ETF",2021-02-26,"101.4230,1.0130,1.0500",2021-03-05,"101.5010,1.0230,1.0460",-1.25%,5.6154
"SH518880,SH513520,SZ159825","黄金ETF,日经ETF,农业ETF",2021-03-05,"3.4820,1.2680,1.0840",2021-03-12,"3.5240,1.3020,1.0260",-1.72%,5.5187
"SZ159941,SH513500,SH513520","纳指ETF,标普500ETF博时,日经ETF",2021-03-12,"0.6505,1.2065,1.3020",2021-03-19,"0.6438,1.2025,1.3040",2.34%,5.6479
"SH512670,SH512660,SH511030","国防ETF,军工ETF,公司债ETF",2021-03-19,"0.8235,1.0400,4.3296",2021-03-26,"0.8250,1.0440,4.3204",-0.65%,5.6114
"SZ159851,SZ159869,SZ159972","金融科技ETF,游戏ETF,5年地债ETF",2021-03-26,"1.0410,0.9420,96.9003",2021-04-02,"1.0410,0.9370,97.0550",-0.51%,5.5829
"SH512480,SH513330,SH513050","半导体ETF,恒生互联网ETF,中概互联网ETF易方达",2021-04-02,"0.9800,0.8970,2.1190",2021-04-12,"0.9570,0.8560,2.0530",-0.23%,5.5703
"SH515210,SZ159941,SH513080","钢铁ETF,纳指ETF,法国CAC40ETF",2021-04-12,"1.3532,0.7010,1.2390",2021-04-19,"1.3336,0.7095,1.2490",1.01%,5.6269
"SH516520,SH515220,SH512400","智能驾驶ETF,煤炭ETF,有色金属ETF",2021-04-19,"0.9640,1.2962,1.0553",2021-04-26,"0.9280,1.3086,1.0641",1.88%,5.7324
"SH512170,SH513060,SZ159837","医疗ETF,恒生医疗ETF博时,生物科技ETF易方达",2021-04-26,"0.8230,1.1000,0.9580",2021-05-06,"0.8300,1.0750,0.9750",3.50%,5.9332
"SH516160,SH515790,SH515080","新能源ETF,光伏ETF,中证红利ETF",2021-05-06,"2.9147,1.1020,1.1026",2021-05-13,"2.7692,1.0600,1.1042",-1.01%,5.8732
"SZ159992,SZ159837,SZ159929","创新药ETF,生物科技ETF易方达,医药ETF",2021-05-13,"1.5270,1.0110,2.5550",2021-05-20,"1.5610,1.0370,2.6150",2.92%,6.0448
"SH515030,SH512670,SH516160","新能源车ETF,国防ETF,新能源ETF",2021-05-20,"1.7200,0.8475,2.9730",2021-05-27,"1.7300,0.8750,2.9956",1.22%,6.1187
"SH512480,SH512000,SZ159995","半导体ETF,券商ETF,芯片ETF",2021-05-27,"1.0590,1.0770,1.2730",2021-06-03,"1.0560,1.0570,1.2700",3.02%,6.3033
"SH515220,SZ159930,SH513080","煤炭ETF,能源ETF,法国CAC40ETF",2021-06-03,"1.4573,0.7590,1.3030",2021-06-10,"1.4831,0.7790,1.3040",3.25%,6.5079
"SZ159851,SH512930,SH515400","金融科技ETF,AI人工智能ETF,大数据ETF",2021-06-10,"1.1910,1.3705,0.9960",2021-06-18,"1.2180,1.3723,0.9810",3.79%,6.7543
"SH511360,SH510880,SH515100","短融ETF海富通,红利ETF华泰柏瑞,红利低波100ETF",2021-06-18,"102.3660,2.2749,0.9292",2021-06-25,"102.4220,2.3320,0.9486",1.23%,6.8373
"SH515220,SH515790,SZ159930","煤炭ETF,光伏ETF,能源ETF",2021-06-25,"1.5606,1.2810,0.8030",2021-07-02,"1.4181,1.2940,0.7590",-1.89%,6.7079
"SZ159985,SH513500,SH511260","豆粕ETF,标普500ETF博时,十年国债ETF",2021-07-02,"1.3290,1.3225,111.0460",2021-07-09,"1.2850,1.3270,111.7740",0.01%,6.7085
"SH516780,SZ159755,SH512670","稀土ETF,电池ETF,国防ETF",2021-07-09,"1.1310,1.2400,0.9315",2021-07-16,"1.1690,1.2120,0.9625",4.78%,7.0293
"SH515220,SZ159930,SH510880","煤炭ETF,能源ETF,红利ETF华泰柏瑞",2021-07-16,"1.5205,0.7690,2.3337",2021-07-23,"1.5614,0.7840,2.3208",1.88%,7.1614
"SH516780,SH512480,SH515790","稀土ETF,半导体ETF,光伏ETF",2021-07-23,"1.2780,1.4160,1.5540",2021-07-30,"1.3370,1.5410,1.6160",3.84%,7.4367
"SH515880,SZ159985,SH513080","通信ETF,豆粕ETF,法国CAC40ETF",2021-07-30,"1.0490,1.3110,1.2930",2021-08-06,"1.0780,1.2850,1.3190",1.26%,7.5302
"SH512660,SZ159825,SZ159972","军工ETF,农业ETF,5年地债ETF",2021-08-06,"1.3420,0.9120,99.8114",2021-08-13,"1.3350,0.9380,99.6446",0.78%,7.5889
"SH515220,SH510170,SH515210","煤炭ETF,大宗商品ETF,钢铁ETF",2021-08-13,"1.7288,0.8967,1.5936",2021-08-20,"1.6336,0.8497,1.5774",-3.07%,7.3556
"SH511260,SH511010,SH511030","十年国债ETF,国债ETF,公司债ETF",2021-08-20,"112.9537,123.3079,5.3406",2021-08-27,"112.7579,122.9622,5.3545",-0.10%,7.3479
"SH515220,SH510410,SH510170","煤炭ETF,资源ETF博时,大宗商品ETF",2021-08-27,"1.8481,1.1530,0.9438",2021-09-03,"1.9718,1.1750,0.9758",7.88%,7.9269
"SH512880,SH512200,SH512000","证券ETF,房地产ETF,券商ETF",2021-09-03,"1.1780,0.7980,1.1280",2021-09-10,"1.2490,0.8040,1.1950",2.44%,8.1203
"SH510170,SH510410,SH512400","大宗商品ETF,资源ETF博时,有色金属ETF",2021-09-10,"1.0750,1.2940,1.6348",2021-09-17,"1.0573,1.2420,1.5095",-0.15%,8.1084
"SH511030,SH512930,SH515400","公司债ETF,AI人工智能ETF,大数据ETF",2021-09-17,"5.3509,1.3308,0.9490",2021-09-28,"5.3463,1.3283,0.9580",0.70%,8.1654
"SZ159928,SH512690,SZ159865","消费ETF,酒ETF,养殖ETF",2021-09-28,"1.1140,0.9046,0.7790",2021-10-12,"1.1550,0.9281,0.8100",2.82%,8.3957
"SZ159766,SH511360,SH511010","旅游ETF,短融ETF海富通,国债ETF",2021-10-12,"0.9860,103.2900,122.9533",2021-10-19,"0.9930,103.3250,122.5336",0.47%,8.4355
"SH515220,SZ159930,SZ159755","煤炭ETF,能源ETF,电池ETF",2021-10-19,"2.1080,1.0270,1.3390",2021-10-26,"1.9585,0.9820,1.3960",-2.19%,8.2507
"SZ159949,SH513500,SH515800","创业板50ETF,标普500ETF博时,800ETF",2021-10-26,"1.4830,1.3830,1.1839",2021-11-02,"1.4900,1.3930,1.1562",0.11%,8.26
"SH512670,SH512480,SZ159995","国防ETF,半导体ETF,芯片ETF",2021-11-02,"1.1010,1.3050,1.6430",2021-11-09,"1.1440,1.3150,1.6670",1.43%,8.3777
"SZ159869,SH518880,SZ159949","游戏ETF,黄金ETF,创业板50ETF",2021-11-09,"1.0130,3.6710,1.5240",2021-11-16,"1.0800,3.7320,1.5080",2.33%,8.5733
"SH512980,SH516620,SZ159869","传媒ETF,影视ETF,游戏ETF",2021-11-16,"0.7910,1.1200,1.0800",2021-11-23,"0.7760,1.1090,1.0370",-1.90%,8.4103
"SH515220,SH516780,SH515210","煤炭ETF,稀土ETF,钢铁ETF",2021-11-23,"1.6843,1.4510,1.4313",2021-11-30,"1.6469,1.5500,1.4296",4.07%,8.7522
"SZ159870,SZ159972,SH511360","化工ETF,5年地债ETF,短融ETF海富通",2021-11-30,"1.0240,100.9417,103.6620",2021-12-07,"1.0100,100.9380,103.7510",0.00%,8.7524
"SZ159745,SZ159707,SH515450","建材ETF,地产ETF,红利低波50ETF",2021-12-07,"0.9540,1.0150,0.9141",2021-12-14,"0.9460,0.9890,0.9035",2.18%,8.9428
"SH516620,SH512980,SZ159869","影视ETF,传媒ETF,游戏ETF",2021-12-14,"1.1860,0.8110,1.0790",2021-12-21,"1.1960,0.8110,1.0570",-1.52%,8.8067
"SH515100,SH511030,SH588000","红利低波100ETF,公司债ETF,科创50ETF",2021-12-21,"1.0367,5.7971,1.4310",2021-12-28,"1.0291,5.8005,1.4220",0.35%,8.8374
"SZ159941,SH513500,SH511260","纳指ETF,标普500ETF博时,十年国债ETF",2021-12-28,"0.8177,1.4410,114.1599",2022-01-05,"0.8025,1.4430,114.4443",1.12%,8.9361
"SZ159869,SH512980,SZ159865","游戏ETF,传媒ETF,养殖ETF",2022-01-05,"1.1680,0.8920,0.9410",2022-01-12,"1.0870,0.8430,0.9380",-4.16%,8.5642
"SH513060,SZ159892,SH513330","恒生医疗ETF博时,恒生医药ETF,恒生互联网ETF",2022-01-12,"0.6930,0.7960,0.5880",2022-01-19,"0.6680,0.7690,0.5720",1.42%,8.686
"SH515400,SH512930,SZ159998","大数据ETF,AI人工智能ETF,计算机ETF",2022-01-19,"1.0160,1.4945,1.0990",2022-01-26,"0.9620,1.4003,1.0400",-5.61%,8.1989
"SH511030,SH511360,SH510230","公司债ETF,短融ETF海富通,金融ETF",2022-01-26,"5.8324,104.1740,1.0256",2022-02-09,"5.8385,104.2590,1.0390",0.80%,8.2648
"SZ159985,SH513360,SH515210","豆粕ETF,教育ETF博时,钢铁ETF",2022-02-09,"1.4420,0.4030,1.4700",2022-02-16,"1.4200,0.4100,1.4541",-0.12%,8.2552
"SZ159608,SH512690,SH512400","稀有金属ETF,酒ETF,有色金属ETF",2022-02-16,"0.9310,0.8850,1.2971",2022-02-23,"1.0130,0.8770,1.3676",4.12%,8.5956
"SZ159985,SH510170,SH510410","豆粕ETF,大宗商品ETF,资源ETF博时",2022-02-23,"1.5040,0.9187,1.1160",2022-03-02,"1.5040,0.9365,1.1530",1.25%,8.7033
"SH515790,SZ159851,SZ159825","光伏ETF,金融科技ETF,农业ETF",2022-03-02,"1.5910,1.1770,0.9980",2022-03-09,"1.5240,1.0750,0.9190",-5.88%,8.1917
"SZ159985,SH518880,SH513500","豆粕ETF,黄金ETF,标普500ETF博时",2022-03-09,"1.6240,4.0610,1.2500",2022-03-16,"1.6100,3.7960,1.2850",-1.51%,8.0682
"SH511360,SH518880,SH515220","短融ETF海富通,黄金ETF,煤炭ETF",2022-03-16,"104.4220,3.7960,1.7920",2022-03-23,"104.4550,3.8350,2.0226",5.55%,8.5159
"SH515220,SH513130,SH512200","煤炭ETF,恒生科技ETF,房地产ETF",2022-03-23,"2.0226,0.5820,0.8270",2022-03-30,"2.0526,0.5660,0.8640",1.71%,8.6616
"SZ159865,SH516670,SZ159941","养殖ETF,畜牧养殖ETF,纳指ETF",2022-03-30,"0.8960,0.9420,0.7533",2022-04-08,"0.8500,0.8980,0.7230",-3.05%,8.3972
"SZ159745,SH511260,SH511010","建材ETF,十年国债ETF,国债ETF",2022-04-08,"0.9750,115.5856,125.6723",2022-04-15,"0.9090,115.4685,125.5906",-0.77%,8.3329
"SH512690,SZ159928,SH510050","酒ETF,消费ETF,上证50ETF",2022-04-15,"0.7840,1.0360,2.6994",2022-04-22,"0.7720,1.0210,2.5892",-2.73%,8.1052
"SZ159972,SZ159850,SH510900","5年地债ETF,恒生国企ETF,恒生中国企业ETF易方达",2022-04-22,"102.0257,0.6000,0.7550",2022-04-29,"102.0998,0.6320,0.7980",0.80%,8.1703
"SZ159608,SH513330,SH513130","稀有金属ETF,恒生互联网ETF,恒生科技ETF",2022-04-29,"0.7690,0.4750,0.5600",2022-05-11,"0.7990,0.4400,0.5160",1.05%,8.2556
"SH511360,SH513520,SH513360","短融ETF海富通,日经ETF,教育ETF博时",2022-05-11,"104.9430,1.0100,0.3100",2022-05-18,"105.0520,1.0470,0.3170",1.10%,8.3461
"SH513130,SH513330,SH513050","恒生科技ETF,恒生互联网ETF,中概互联网ETF易方达",2022-05-18,"0.5460,0.4680,1.0430",2022-05-25,"0.5190,0.4470,0.9980",-6.41%,7.8109
"SH518880,SH511260,SH511030","黄金ETF,十年国债ETF,公司债ETF",2022-05-25,"3.8870,115.9545,5.8441",2022-06-01,"3.8520,115.9496,5.8402",-0.02%,7.8091
"SH513130,SH513330,SZ159822","恒生科技ETF,恒生互联网ETF,新经济ETF银华",2022-06-01,"0.5670,0.4880,0.6450",2022-06-09,"0.6010,0.5240,0.6880",7.80%,8.4184
"SH513360,SH513050,SZ159892","教育ETF博时,中概互联网ETF易方达,恒生医药ETF",2022-06-09,"0.3660,1.1610,0.6120",2022-06-16,"0.4400,1.1200,0.5920",1.48%,8.543
"SH513360,SZ159865,SH516670","教育ETF博时,养殖ETF,畜牧养殖ETF",2022-06-16,"0.4400,0.8370,0.8800",2022-06-23,"0.4030,0.8480,0.9010",3.44%,8.8369
"SZ159941,SH513500,SH511030","纳指ETF,标普500ETF博时,公司债ETF",2022-06-23,"0.5975,1.1900,5.8329",2022-06-30,"0.5960,1.1950,6.3878",4.46%,9.2306
"SZ159766,SZ159745,SZ159985","旅游ETF,建材ETF,豆粕ETF",2022-06-30,"1.1230,0.9620,1.5420",2022-07-07,"1.0090,0.9180,1.5310",-3.64%,8.8946
"SH515790,SH516160,SZ159790","光伏ETF,新能源ETF,碳中和ETF",2022-07-07,"1.7700,4.4999,1.0620",2022-07-14,"1.7690,4.4061,1.0530",-0.86%,8.8177
"SH511010,SH511260,SH511030","国债ETF,十年国债ETF,公司债ETF",2022-07-14,"125.9541,116.0155,6.3977",2022-07-21,"126.1146,116.1897,6.4119",0.15%,8.831
"SZ159869,SZ159851,SH513360","游戏ETF,金融科技ETF,教育ETF博时",2022-07-21,"0.8180,0.9550,0.3990",2022-07-28,"0.7950,0.9610,0.4130",-0.25%,8.8087
"SZ159985,SH515220,SZ159930","豆粕ETF,煤炭ETF,能源ETF",2022-07-28,"1.5640,2.2142,1.1200",2022-08-04,"1.5460,2.0953,1.0770",-1.62%,8.6659
"SH512480,SZ159995,SH511010","半导体ETF,芯片ETF,国债ETF",2022-08-04,"0.9830,1.2170,127.0703",2022-08-11,"1.0690,1.2880,126.8407",4.88%,9.089
"SH515790,SH512660,SZ159731","光伏ETF,军工ETF,石化ETF",2022-08-11,"1.7580,1.2540,0.9020",2022-08-18,"1.8690,1.2370,0.8920",1.36%,9.2125
"SH515790,SZ159790,SH516160","光伏ETF,碳中和ETF,新能源ETF",2022-08-18,"1.8690,1.0320,4.3446",2022-08-25,"1.7390,0.9740,4.0793",-3.42%,8.8971
"SH515220,SZ159930,SH511030","煤炭ETF,能源ETF,公司债ETF",2022-08-25,"2.5346,1.2860,6.4070",2022-09-01,"2.3848,1.2300,6.4045",-1.78%,8.7383
"SH512200,SZ159883,SH515450","房地产ETF,医疗器械ETF,红利低波50ETF",2022-09-01,"0.7480,0.6440,0.8914",2022-09-08,"0.7720,0.6330,0.9020",1.63%,8.8803
"SH515790,SH512670,SZ159611","光伏ETF,国防ETF,电力ETF",2022-09-08,"1.7040,0.9940,0.9770",2022-09-16,"1.5120,1.0010,0.8930",-4.38%,8.4917
"SH511010,SH511260,SH518880","国债ETF,十年国债ETF,黄金ETF",2022-09-16,"127.2752,117.5484,3.7280",2022-09-23,"127.3293,117.7137,3.7700",0.16%,8.505
"SZ159930,SH515800,SH510180","能源ETF,800ETF,上证180ETF",2022-09-23,"1.2680,0.9570,3.0703",2022-09-30,"1.2310,0.9391,3.0283",-2.49%,8.2935
"SZ159883,SH518880,SZ159972","医疗器械ETF,黄金ETF,5年地债ETF",2022-09-30,"0.6250,3.7830,103.8138",2022-10-14,"0.6890,3.8130,103.8416",0.51%,8.3359
"SZ159852,SZ159851,SZ159998","软件ETF,金融科技ETF,计算机ETF",2022-10-14,"0.7620,0.9180,0.7430",2022-10-21,"0.7870,0.9190,0.7660",3.90%,8.6611
"SH511360,SZ159851,SH515100","短融ETF海富通,金融科技ETF,红利低波100ETF",2022-10-21,"105.9180,0.9190,1.0242",2022-10-28,"105.9250,0.9380,0.9902",0.46%,8.701
"SH515220,SH512890,SH512550","煤炭ETF,红利低波ETF华泰柏瑞,富时A50",2022-10-28,"2.1434,0.7920,1.1960",2022-11-04,"2.1706,0.7950,1.2730",-1.75%,8.5491
"SZ159892,SZ159615,SH513060","恒生医药ETF,恒生生物科技ETF南方,恒生医疗ETF博时",2022-11-04,"0.6200,0.9070,0.5260",2022-11-11,"0.6310,0.9140,0.5380",1.55%,8.682
"SH513080,SH515210,SH511030","法国CAC40ETF,钢铁ETF,公司债ETF",2022-11-11,"1.2450,1.2172,6.3359",2022-11-18,"1.2650,1.1864,6.2078",0.72%,8.7447
"SZ159869,SH513360,SH516620","游戏ETF,教育ETF博时,影视ETF",2022-11-18,"0.8100,0.4810,0.9030",2022-11-25,"0.7580,0.4530,0.8500",-4.29%,8.3696
"SZ159930,SH515220,SH512890","能源ETF,煤炭ETF,红利低波ETF华泰柏瑞",2022-11-25,"1.1600,2.1706,0.8490",2022-12-02,"1.1420,2.1570,0.8510",2.85%,8.6077
"SH513130,SH513330,SZ159822","恒生科技ETF,恒生互联网ETF,新经济ETF银华",2022-12-02,"0.5190,0.4330,0.6270",2022-12-09,"0.5750,0.4720,0.6690",5.47%,9.0785
"SZ159985,SH512690,SZ159761","豆粕ETF,酒ETF,新材料ETF国泰",2022-12-09,"1.9440,0.8500,0.7390",2022-12-16,"1.9160,0.8630,0.7140",0.63%,9.1355
"SH512550,SH515600,SH512960","富时A50,央企创新ETF,央企结构调整ETF博时",2022-12-16,"1.3910,1.2100,1.1506",2022-12-23,"1.3610,1.1610,1.1070",-3.11%,8.851
"SH513360,SZ159985,SH512000","教育ETF博时,豆粕ETF,券商ETF",2022-12-23,"0.5850,1.9330,0.8260",2022-12-30,"0.5270,2.0100,0.8320",-2.32%,8.6455
"SZ159859,SZ159992,SH512170","生物医药ETF,创新药ETF,医疗ETF",2022-12-30,"0.5910,0.9370,0.5080",2023-01-09,"0.6250,0.9840,0.5230",3.85%,8.978
"SH513050,SH512690,SH513360","中概互联网ETF易方达,酒ETF,教育ETF博时",2023-01-09,"1.1570,0.9030,0.5720",2023-01-16,"1.1360,0.9360,0.5780",3.67%,9.3075
"SH512070,SH510230,SH510050","证券保险ETF易方达,金融ETF,上证50ETF",2023-01-16,"0.6700,0.9618,2.6748",2023-01-30,"0.6680,0.9656,2.6767",1.98%,9.4921
"SZ159852,SH515400,SZ159998","软件ETF,大数据ETF,计算机ETF",2023-01-30,"0.9470,0.8590,0.9070",2023-02-06,"0.9670,0.8820,0.9240",3.42%,9.8169
"SZ159869,SZ159941,SZ159852","游戏ETF,纳指ETF,软件ETF",2023-02-06,"0.8920,0.6540,0.9670",2023-02-13,"0.9290,0.6460,0.9560",0.56%,9.8716
"SH512690,SZ159766,SH516560","酒ETF,旅游ETF,养老ETF",2023-02-13,"0.9510,1.1360,0.8970",2023-02-20,"0.9600,1.1250,0.9000",1.29%,9.9988
"SH560080,SH513360,SZ159972","中药ETF,教育ETF博时,5年地债ETF",2023-02-20,"1.2560,0.5850,104.1650",2023-02-27,"1.2300,0.5640,104.1390",-0.30%,9.9686
"SZ159972,SH516910,SZ159666","5年地债ETF,物流ETF富国,交通运输ETF",2023-02-27,"104.1390,1.0750,0.9880",2023-03-06,"104.1714,1.0940,1.0170",1.57%,10.1256
"SH515600,SH510900,SZ159959","央企创新ETF,恒生中国企业ETF易方达,央企ETF银华",2023-03-06,"1.3660,0.8240,1.3980",2023-03-13,"1.3640,0.7780,1.3900",-3.79%,9.7413
"SH511260,SH511010,SH511360","十年国债ETF,国债ETF,短融ETF海富通",2023-03-13,"117.8485,127.3756,106.6370",2023-03-20,"118.0639,127.5983,106.6940",0.11%,9.752
"SH512980,SH513310,SH511030","传媒ETF,中韩半导体ETF,公司债ETF",2023-03-20,"0.7500,1.0500,6.4268",2023-03-27,"0.8280,1.0800,6.4243",5.92%,10.3297
"SZ159869,SZ159852,SZ159998","游戏ETF,软件ETF,计算机ETF",2023-03-27,"1.1750,1.1020,1.0790",2023-04-03,"1.3120,1.2200,1.1570",4.35%,10.7789
"SH560800,SZ159995,SH512480","数字经济ETF,芯片ETF,半导体ETF",2023-04-03,"0.8460,1.2010,1.0280",2023-04-11,"0.8240,1.2440,1.0580",6.72%,11.503
"SZ159892,SZ159615,SZ159707","恒生医药ETF,恒生生物科技ETF南方,地产ETF",2023-04-11,"0.6600,0.9660,0.9290",2023-04-18,"0.6840,1.0020,0.9110",2.59%,11.8007
"SZ159930,SH510230,SH510410","能源ETF,金融ETF,资源ETF博时",2023-04-18,"1.2220,0.9599,1.1900",2023-04-25,"1.1950,0.9389,1.1260",-2.94%,11.4542
"SH513080,SH513520,SH511010","法国CAC40ETF,日经ETF,国债ETF",2023-04-25,"1.5150,1.1170,127.9657",2023-05-05,"1.4680,1.1360,128.5421",0.14%,11.4707
"SH512070,SH510230,SH512890","证券保险ETF易方达,金融ETF,红利低波ETF华泰柏瑞",2023-05-05,"0.6880,1.0018,0.9840",2023-05-12,"0.6710,0.9789,0.9630",-0.21%,11.4465
"SZ159941,SH513500,SH511010","纳指ETF,标普500ETF博时,国债ETF",2023-05-12,"0.7120,1.3530,128.7992",2023-05-19,"0.7490,1.3940,128.8327",1.38%,11.6039
"SH513520,SH513310,SZ159941","日经ETF,中韩半导体ETF,纳指ETF",2023-05-19,"1.3960,1.1300,0.7490",2023-05-26,"1.1860,1.1460,0.7520",-0.41%,11.5568
"SH511360,SZ159687,SZ159915","短融ETF海富通,亚太精选ETF南方,创业板ETF易方达",2023-05-26,"107.3030,1.0280,2.1670",2023-06-02,"107.3510,1.0490,2.1750",-0.18%,11.5364
"SZ159852,SZ159869,SH513360","软件ETF,游戏ETF,教育ETF博时",2023-06-02,"1.0150,1.5210,0.5530",2023-06-09,"1.0090,1.5540,0.5750",-0.80%,11.4446
"SH513130,SZ159850,SH512200","恒生科技ETF,恒生国企ETF,房地产ETF",2023-06-09,"0.5300,0.6350,0.6410",2023-06-16,"0.5690,0.6600,0.6410",3.41%,11.8344
"SH515880,SZ159663,SZ159667","通信ETF,机床ETF,工业母机ETF",2023-06-16,"1.2900,1.0310,1.0170",2023-06-27,"1.2760,1.0300,1.0160",2.26%,12.102
"SH511090,SZ159840,SZ159755","30年国债ETF,锂电池ETF工银,电池ETF",2023-06-27,"94.4682,0.6390,0.8040",2023-07-04,"94.8800,0.6590,0.8290",1.89%,12.3312
"SH515250,SZ159732,SH512670","智能汽车ETF,消费电子ETF,国防ETF",2023-07-04,"0.9510,0.7060,0.8290",2023-07-11,"0.9570,0.7180,0.8140",0.40%,12.3807
"SZ159766,SH516910,SZ159825","旅游ETF,物流ETF富国,农业ETF",2023-07-11,"0.9240,0.9790,0.7700",2023-07-18,"0.9000,0.9790,0.7850",-0.27%,12.3478
"SZ159507,SZ159941,SH513500","电信ETF,纳指ETF,标普500ETF博时",2023-07-18,"1.0230,0.8630,1.5280",2023-07-25,"0.9670,0.8520,1.5380",-1.44%,12.1698
"SZ159615,SH512170,SZ159837","恒生生物科技ETF南方,医疗ETF,生物科技ETF易方达",2023-07-25,"0.8560,0.4250,0.5290",2023-08-01,"0.8860,0.4290,0.5350",3.31%,12.5725
"SH513330,SZ159850,SZ159822","恒生互联网ETF,恒生国企ETF,新经济ETF银华",2023-08-01,"0.4690,0.6760,0.6830",2023-08-08,"0.4530,0.6560,0.6610",-2.24%,12.2913
"SH516620,SH511090,SH511010","影视ETF,30年国债ETF,国债ETF",2023-08-08,"1.0760,95.7327,130.0503",2023-08-15,"1.0180,96.7018,130.3961",-0.93%,12.1765
"SZ159985,SZ159972,SH511360","豆粕ETF,5年地债ETF,短融ETF海富通",2023-08-15,"2.2370,107.0362,107.8690",2023-08-22,"2.2720,107.1409,107.9060",1.94%,12.4133
"SH511360,SH562550,SZ159611","短融ETF海富通,绿电ETF,电力ETF",2023-08-22,"107.9060,0.9970,0.8990",2023-08-29,"107.8850,0.9840,0.8880",-1.04%,12.2838
"SH512200,SZ159707,SZ159615","房地产ETF,地产ETF,恒生生物科技ETF南方",2023-08-29,"0.6970,0.8880,0.8410",2023-09-05,"0.6410,0.8390,0.8150",-1.18%,12.1385
"SH515220,SZ159930,SH510410","煤炭ETF,能源ETF,资源ETF博时",2023-09-05,"2.0550,1.2490,1.1380",2023-09-12,"2.0358,1.2470,1.1300",-0.29%,12.1036
"SH518880,SH511030,SH513950","黄金ETF,公司债ETF,恒生红利ETF",2023-09-12,"4.5460,8.3599,0.8590",2023-09-19,"4.5590,8.3680,0.8736",0.04%,12.1088
"SZ159992,SZ159837,SH512170","创新药ETF,生物科技ETF易方达,医疗ETF",2023-09-19,"0.8210,0.5200,0.4100",2023-09-26,"0.8260,0.5200,0.4090",0.46%,12.1644
"SZ159663,SZ159667,SH562500","机床ETF,工业母机ETF,机器人ETF",2023-09-26,"0.9780,0.9720,0.7850",2023-10-11,"0.9700,0.9600,0.7900",0.95%,12.2805
"SH513360,SZ159732,SZ159509","教育ETF博时,消费电子ETF,纳指科技ETF景顺",2023-10-11,"0.5990,0.6930,0.9770",2023-10-18,"0.5890,0.6730,0.9710",1.39%,12.4513
"SH518880,SH511360,SH516670","黄金ETF,短融ETF海富通,畜牧养殖ETF",2023-10-18,"4.5230,108.1380,0.6910",2023-10-25,"4.5570,108.1120,0.6770",-0.51%,12.3877
"SH511010,SH511030,SH588380","国债ETF,公司债ETF,双创50ETF",2023-10-25,"129.7981,8.3444,0.4930",2023-11-01,"130.1321,8.3525,0.5140",1.69%,12.5976
"SZ159869,SZ159865,SZ159928","游戏ETF,养殖ETF,消费ETF",2023-11-01,"1.0160,0.6600,0.9140",2023-11-08,"1.1450,0.6530,0.9060",3.20%,13.0014
"SZ159869,SH512980,SH516620","游戏ETF,传媒ETF,影视ETF",2023-11-08,"1.1450,0.7980,1.0020",2023-11-15,"1.1020,0.7750,0.9700",0.81%,13.1061
"SZ159509,SZ159638,SH512660","纳指科技ETF景顺,高端装备ETF嘉实,军工ETF",2023-11-15,"1.0290,0.8130,1.0100",2023-11-22,"1.0340,0.7980,0.9930",0.89%,13.2225
"SH516620,SH512980,SZ159666","影视ETF,传媒ETF,交通运输ETF",2023-11-22,"1.0200,0.8040,0.8800",2023-11-29,"0.9540,0.7570,0.8770",-2.57%,12.8833
"SH515220,SH518880,SZ159930","煤炭ETF,黄金ETF,能源ETF",2023-11-29,"2.1732,4.5910,1.2430",2023-12-06,"2.1567,4.5780,1.2280",-0.22%,12.8549
"SH513290,SZ159972,SH560280","纳指生物科技ETF汇添富,5年地债ETF,工程机械ETF",2023-12-06,"1.0360,107.0008,0.9850",2023-12-13,"1.0650,107.1762,0.9770",0.60%,12.9319
"SZ159509,SZ159941,SH513500","纳指科技ETF景顺,纳指ETF,标普500ETF博时",2023-12-13,"1.0630,0.9000,1.5760",2023-12-20,"1.0830,0.9140,1.6090",2.76%,13.2886
"SH513730,SH513850,SZ159509","东南亚科技ETF,美国50ETF易方达,纳指科技ETF景顺",2023-12-20,"1.0360,1.0400,1.0830",2023-12-27,"1.0720,1.0380,1.0890",3.00%,13.6877
"SH513290,SH517520,SH561330","纳指生物科技ETF汇添富,黄金股ETF,矿业ETF",2023-12-27,"1.1400,0.9850,0.8660",2024-01-04,"1.1510,0.9900,0.8800",2.80%,14.0715
"SH515220,SZ159930,SH510880","煤炭ETF,能源ETF,红利ETF华泰柏瑞",2024-01-04,"2.2647,1.3100,2.6439",2024-01-11,"2.2157,1.2750,2.6099",0.30%,14.1139
"SH513520,SZ159509,SH515790","日经ETF,纳指科技ETF景顺,光伏ETF",2024-01-11,"1.4460,1.1030,0.8790",2024-01-18,"1.4470,1.1010,0.8570",1.57%,14.335
"SH511090,SZ159985,SH515220","30年国债ETF,豆粕ETF,煤炭ETF",2024-01-18,"100.1560,1.9870,2.1786",2024-01-25,"101.1748,2.0070,2.2472",0.45%,14.3993
"SH513850,SH511030,SH511360","美国50ETF易方达,公司债ETF,短融ETF海富通",2024-01-25,"1.5390,8.4280,108.8620",2024-02-01,"1.1380,8.4418,108.9440",-7.05%,13.3841
"SH511090,SH518880,SH511260","30年国债ETF,黄金ETF,十年国债ETF",2024-02-01,"103.1421,4.6680,123.7881",2024-02-08,"103.4498,4.6620,123.8698",0.06%,13.392
"SZ159643,SZ159992,SH510500","疫苗ETF,创新药ETF,中证500ETF",2024-02-08,"0.6950,0.6980,5.0446",2024-02-23,"0.7000,0.7070,5.0753",0.83%,13.5028
"SH563300,SZ159851,SH516620","中证2000ETF,金融科技ETF,影视ETF",2024-02-23,"0.8560,0.9330,0.8770",2024-03-01,"0.8820,0.9800,0.9140",5.12%,14.1937
"SH513310,SH560860,SZ159790","中韩半导体ETF,工业有色ETF万家,碳中和ETF",2024-03-01,"1.2100,0.7780,0.5400",2024-03-08,"1.2500,0.7960,0.5490",1.24%,14.3694
"SH517520,SH561330,SH512400","黄金股ETF,矿业ETF,有色金属ETF",2024-03-08,"1.0870,0.9230,0.9652",2024-03-15,"1.1280,0.9710,1.0112",1.22%,14.544
"SZ159985,SH588190,SZ159996","豆粕ETF,科创100ETF,家电ETF",2024-03-15,"2.1670,0.8560,1.1350",2024-03-22,"2.1920,0.8430,1.1180",0.86%,14.669
"SH516620,SH512980,SH513500","影视ETF,传媒ETF,标普500ETF博时",2024-03-22,"1.0520,0.8100,1.8370",2024-03-29,"0.9570,0.7360,1.8560",-3.56%,14.1474
"SH518880,SH513290,SH511090","黄金ETF,纳指生物科技ETF汇添富,30年国债ETF",2024-03-29,"5.1260,1.1650,106.9396",2024-04-09,"5.3690,1.1290,106.9405",0.67%,14.2422
"SH561330,SZ159608,SH518880","矿业ETF,稀有金属ETF,黄金ETF",2024-04-09,"1.0580,0.5970,5.3690",2024-04-16,"1.0140,0.5430,5.4520",0.33%,14.2896
"SZ159930,SH510880,SH515450","能源ETF,红利ETF华泰柏瑞,红利低波50ETF",2024-04-16,"1.5510,2.9616,1.1997",2024-04-23,"1.4750,2.8968,1.1847",-0.72%,14.187
"SZ159865,SH516670,SZ159825","养殖ETF,畜牧养殖ETF,农业ETF",2024-04-23,"0.6140,0.6650,0.7000",2024-04-30,"0.6220,0.6740,0.7040",0.92%,14.3172
"SZ159949,SZ159840,SH588190","创业板50ETF,锂电池ETF工银,科创100ETF",2024-04-30,"0.7980,0.4710,0.8250",2024-05-10,"0.8000,0.4810,0.8340",1.71%,14.5621
"SH517520,SH516670,SZ159865","黄金股ETF,畜牧养殖ETF,养殖ETF",2024-05-10,"1.2990,0.7080,0.6550",2024-05-17,"1.3070,0.7230,0.6670",1.42%,14.7689
"SH512200,SZ159707,SZ159745","房地产ETF,地产ETF,建材ETF",2024-05-17,"0.5470,0.6840,0.6390",2024-05-24,"0.5090,0.6300,0.6090",2.70%,15.168
"SZ159972,SH511030,SH511360","5年地债ETF,公司债ETF,短融ETF海富通",2024-05-24,"111.0840,8.5733,109.8070",2024-05-31,"111.2300,8.5766,109.8380",0.08%,15.1809
"SH511010,SH511030,SH512950","国债ETF,公司债ETF,央企改革ETF华夏",2024-05-31,"133.9989,8.5766,1.2650",2024-06-07,"134.2313,8.5912,1.2840",0.42%,15.2453
"SH513290,SH513850,SH513310","纳指生物科技ETF汇添富,美国50ETF易方达,中韩半导体ETF",2024-06-07,"1.1950,1.2320,1.3010",2024-06-17,"1.1910,1.2780,1.3700",2.78%,15.669
"SH515880,SZ159509,SZ159507","通信ETF,纳指科技ETF景顺,电信ETF",2024-06-17,"1.2090,1.7090,0.9190",2024-06-24,"1.1790,1.6750,0.9030",1.65%,15.9282
"SH511030,SH560050,SH510180","公司债ETF,中国A50ETF汇添富,上证180ETF",2024-06-24,"9.4474,0.7450,2.9548",2024-07-01,"9.4529,0.7460,2.9745",-0.28%,15.8837
"SH515600,SH513500,SH512890","央企创新ETF,标普500ETF博时,红利低波ETF华泰柏瑞",2024-07-01,"1.4210,1.9670,1.0780",2024-07-08,"1.3870,1.9990,1.0520",0.06%,15.8929
"SZ159687,SH513850,SZ159941","亚太精选ETF南方,美国50ETF易方达,纳指ETF",2024-07-08,"1.4520,1.3710,1.1550",2024-07-15,"1.3490,1.3510,1.1540",-2.13%,15.5552
"SH513290,SZ159928,SH510230","纳指生物科技ETF汇添富,消费ETF,金融ETF",2024-07-15,"1.3090,0.7800,1.0113",2024-07-22,"1.2850,0.7930,1.0199",2.06%,15.8759
"SZ159638,SH512670,SH512660","高端装备ETF嘉实,国防ETF,军工ETF",2024-07-22,"0.6740,0.6080,0.8950",2024-07-29,"0.6810,0.6190,0.9020",1.45%,16.1062
"SH512670,SH511090,SH511260","国防ETF,30年国债ETF,十年国债ETF",2024-07-29,"0.6190,109.7575,128.0404",2024-08-05,"0.6070,111.7962,128.8374",0.73%,16.2235
"SH511260,SH511010,SZ159972","十年国债ETF,国债ETF,5年地债ETF",2024-08-05,"128.8374,136.0884,112.9250",2024-08-12,"127.2268,135.1672,112.5510",-0.18%,16.194
"SZ159687,SH513730,SH513050","亚太精选ETF南方,东南亚科技ETF,中概互联网ETF易方达",2024-08-12,"1.1960,1.1270,1.0230",2024-08-19,"1.2490,1.1820,1.0450",4.31%,16.8913
"SZ159687,SH510230,SH513730","亚太精选ETF南方,金融ETF,东南亚科技ETF",2024-08-19,"1.2490,1.0352,1.1820",2024-08-26,"1.2590,1.0456,1.1990",1.30%,17.1108
"SZ159996,SH520830,SH513970","家电ETF,沙特ETF,恒生消费ETF",2024-08-26,"1.0590,1.0190,0.7170",2024-09-02,"1.0510,1.0050,0.7200",1.31%,17.3357
"SZ159985,SH511030,SH513290","豆粕ETF,公司债ETF,纳指生物科技ETF汇添富",2024-09-02,"1.9260,9.4772,1.2640",2024-09-09,"1.9620,9.4826,1.2200",0.11%,17.3543
"SH512000,SH511090,SH511260","券商ETF,30年国债ETF,十年国债ETF",2024-09-09,"0.7770,112.5012,128.7616",2024-09-18,"0.7720,115.2761,129.4405",0.43%,17.4292
"SZ159615,SH517520,SZ159892","恒生生物科技ETF南方,黄金股ETF,恒生医药ETF",2024-09-18,"0.6250,1.0580,0.4340",2024-09-25,"0.6460,1.1600,0.4500",4.89%,18.281
"SZ159851,SH515220,SH515210","金融科技ETF,煤炭ETF,钢铁ETF",2024-09-25,"0.8570,1.0555,0.9701",2024-10-09,"1.3310,1.0935,1.0797",27.61%,23.3286
"SH588000,SH588380,SZ159851","科创50ETF,双创50ETF,金融科技ETF",2024-10-09,"1.0960,0.6280,1.3310",2024-10-16,"0.9230,0.5400,1.2920",-10.60%,20.8562
"SH513290,SH518880,SH511030","纳指生物科技ETF汇添富,黄金ETF,公司债ETF",2024-10-16,"1.2470,5.8840,9.4934",2024-10-23,"1.2380,6.0560,9.4871",1.22%,21.1109
"SH515790,SH516160,SZ159761","光伏ETF,新能源ETF,新材料ETF国泰",2024-10-23,"0.8610,2.1330,0.5270",2024-10-30,"0.8660,2.1420,0.5270",4.27%,22.0118
"SH515400,SZ159851,SH515250","大数据ETF,金融科技ETF,智能汽车ETF",2024-10-30,"0.8030,1.4010,0.9470",2024-11-06,"0.8580,1.5200,0.9700",7.38%,23.6363
"SZ159608,SH512000,SH512880","稀有金属ETF,券商ETF,证券ETF",2024-11-06,"0.6440,1.2020,1.2570",2024-11-13,"0.6590,1.2300,1.2860",2.91%,24.323
"SH516160,SH511090,SH511260","新能源ETF,30年国债ETF,十年国债ETF",2024-11-13,"2.3180,113.6853,129.4660",2024-11-20,"2.2100,112.5479,129.4110",-1.55%,23.9467
"SH518880,SZ159545,SH513950","黄金ETF,恒生红利低波ETF易方达,恒生红利ETF",2024-11-20,"5.8570,1.1242,1.0872",2024-11-27,"5.8990,1.0984,1.0589",-1.99%,23.4704
"SH513400,SH513290,SH513500","道琼斯ETF,纳指生物科技ETF汇添富,标普500ETF博时",2024-11-27,"1.1940,1.2160,2.1800",2024-12-04,"1.2020,1.2130,2.2170",0.74%,23.6438
"SH562500,SZ159667,SZ159663","机器人ETF,工业母机ETF,机床ETF",2024-12-04,"0.8230,1.0390,1.0380",2024-12-11,"0.8640,1.0830,1.0820",6.21%,25.1113
"SH516620,SZ159766,SZ159732","影视ETF,旅游ETF,消费电子ETF",2024-12-11,"1.0730,0.7610,0.8150",2024-12-18,"1.0440,0.7450,0.8040",-0.80%,24.9108
"SZ159509,SZ159941,SZ159972","纳指科技ETF景顺,纳指ETF,5年地债ETF",2024-12-18,"1.6630,1.2660,115.4370",2024-12-25,"1.6440,1.2610,115.5480",-0.49%,24.7877
"SH513850,SH513170,SZ159545","美国50ETF易方达,恒生央企ETF,恒生红利低波ETF易方达",2024-12-25,"1.4890,1.2320,1.1740",2025-01-02,"1.4560,1.2010,1.1472",0.07%,24.8061
"SH511090,SZ159985,SH511360","30年国债ETF,豆粕ETF,短融ETF海富通",2025-01-02,"122.8147,1.8410,111.1320",2025-01-09,"121.9514,1.7740,111.1710",-0.15%,24.7679
"SZ159561,SH513310,SZ159996","德国ETF嘉实,中韩半导体ETF,家电ETF",2025-01-09,"1.2090,1.5090,1.3760",2025-01-16,"1.3050,1.4950,1.3540",3.33%,25.5938
"SH516620,SH512980,SH515790","影视ETF,传媒ETF,光伏ETF",2025-01-16,"0.9000,0.7620,0.7380",2025-01-23,"0.8980,0.7550,0.7170",-1.31%,25.2592
"SZ159561,SZ159687,SH513080","德国ETF嘉实,亚太精选ETF南方,法国CAC40ETF",2025-01-23,"1.6710,1.7450,1.7910",2025-02-07,"1.3130,1.5400,1.6710",-7.98%,23.2435
"SZ159852,SZ159869,SH515400","软件ETF,游戏ETF,大数据ETF",2025-02-07,"0.8810,1.1380,0.9260",2025-02-14,"0.9480,1.3240,1.0140",8.44%,25.2044
"SH516620,SZ159869,SH513050","影视ETF,游戏ETF,中概互联网ETF易方达",2025-02-14,"1.1750,1.3240,1.4240",2025-02-21,"1.0970,1.2980,1.5060",-1.35%,24.865
"SH562500,SZ159667,SZ159663","机器人ETF,工业母机ETF,机床ETF",2025-02-21,"1.0110,1.1940,1.1840",2025-02-28,"0.9440,1.1380,1.1360",4.29%,25.9327
"SH518880,SH513850,SH513500","黄金ETF,美国50ETF易方达,标普500ETF博时",2025-02-28,"6.4440,1.3560,2.0320",2025-03-07,"6.5260,1.3190,2.0010",-1.80%,25.466
"SH513330,SH513050,SH513130","恒生互联网ETF,中概互联网ETF易方达,恒生科技ETF",2025-03-07,"0.5570,1.5660,0.8070",2025-03-14,"0.5460,1.5370,0.7910",-5.69%,24.0169
"SH517520,SZ159326,SH562550","黄金股ETF,电网设备ETF,绿电ETF",2025-03-14,"1.2780,1.1330,1.0250",2025-03-21,"1.2860,1.1260,1.0290",3.11%,24.7632
"SZ159201,SH511260,SH511360","自由现金流ETF,十年国债ETF,短融ETF海富通",2025-03-21,"1.0190,132.1825,111.4530",2025-03-28,"1.0120,132.3380,111.4590",0.27%,24.8289
"SH511010,SH511030,SH511360","国债ETF,公司债ETF,短融ETF海富通",2025-03-28,"138.1158,105.3300,111.4590",2025-04-07,"139.1207,105.8030,111.5510",0.24%,24.8891
"SZ159698,SH511090,SH511260","粮食ETF,30年国债ETF,十年国债ETF",2025-04-07,"0.8920,123.4761,134.1985",2025-04-14,"0.9210,122.3211,133.8896",2.40%,25.4865
"SH517520,SH520500,SZ159615","黄金股ETF,恒生创新药ETF,恒生生物科技ETF南方",2025-04-14,"1.3960,1.2750,0.8620",2025-04-21,"1.4850,1.2300,0.8360",1.49%,25.8655
"SH512200,SH518880,SH510810","房地产ETF,黄金ETF,上海国企ETF汇添富",2025-04-21,"1.4250,7.7240,0.7942",2025-04-28,"1.3530,7.4650,0.7912",-0.72%,25.6801
"SH513850,SH513730,SH513500","美国50ETF易方达,东南亚科技ETF,标普500ETF博时",2025-04-28,"1.2740,1.1530,1.9010",2025-05-08,"1.2990,1.2090,1.9400",2.56%,26.3367
"SZ159378,SZ159638,SH512670","通用航空ETF,高端装备ETF嘉实,国防ETF",2025-05-08,"1.1060,0.8000,0.7330",2025-05-15,"1.0780,0.7730,0.7070",1.21%,26.6559
"SZ159509,SZ159941,SH513850","纳指科技ETF景顺,纳指ETF,美国50ETF易方达",2025-05-15,"1.5300,1.1740,1.3560",2025-05-22,"1.5040,1.1560,1.3450",-1.45%,26.2691
"SH517520,SZ159992,SH518880","黄金股ETF,创新药ETF,黄金ETF",2025-05-22,"1.4140,0.7650,7.4500",2025-05-29,"1.3980,0.7860,7.3000",-1.00%,26.0063
"SZ159509,SZ159941,SZ159206","纳指科技ETF景顺,纳指ETF,卫星ETF",2025-05-29,"1.5710,1.1960,0.9420",2025-06-06,"1.5580,1.1770,0.9690",1.98%,26.5209
"SH513310,SH515880,SZ159583","中韩半导体ETF,通信ETF,通信设备ETF",2025-06-06,"1.5870,1.3050,0.5740",2025-06-13,"1.5660,1.3220,0.5750",1.76%,26.989
"SH517520,SH561330,SH512400","黄金股ETF,矿业ETF,有色金属ETF",2025-06-13,"1.5250,1.0740,1.1053",2025-06-20,"1.4420,1.0400,1.0766",-2.41%,26.3395
"SH511090,SZ159972,SH511030","30年国债ETF,5年地债ETF,公司债ETF",2025-06-20,"123.6973,116.2340,106.0560",2025-06-27,"123.2500,116.2780,106.1080",-0.08%,26.318
"SZ159687,SZ159583,SZ159227","亚太精选ETF南方,通信设备ETF,航空航天ETF",2025-06-27,"1.4490,0.6265,1.0770",2025-07-04,"1.4000,0.6245,1.0940",2.67%,27.0219
"SH515210,SZ159859,SH510230","钢铁ETF,生物医药ETF,金融ETF",2025-07-04,"1.2154,0.3800,1.4130",2025-07-11,"1.2720,0.3880,1.4220",2.24%,27.6263
"SH512200,SZ159707,SH515210","房地产ETF,地产ETF,钢铁ETF",2025-07-11,"1.4460,0.6200,1.2720",2025-07-18,"1.4090,0.6130,1.2778",-1.08%,27.329
"SH520500,SZ159615,SZ159892","恒生创新药ETF,恒生生物科技ETF南方,恒生医药ETF",2025-07-18,"1.8690,1.2260,0.8480",2025-07-25,"1.8820,1.2350,0.8580",1.37%,27.7027
"SZ159608,SH512170,SH512400","稀有金属ETF,医疗ETF,有色金属ETF",2025-07-25,"0.7580,0.3670,1.2756",2025-08-01,"0.7120,0.3670,1.2122",-2.81%,26.9253
"SH511360,SH517050,SH513400","短融ETF海富通,互联网ETF华泰柏瑞,道琼斯ETF",2025-08-01,"112.1450,0.8520,1.1420",2025-08-08,"112.1860,0.8450,1.1440",-0.04%,26.9137
"SH516780,SH561330,SH517520","稀土ETF,矿业ETF,黄金股ETF",2025-08-08,"1.3920,1.2580,1.5520",2025-08-15,"1.4530,1.2920,1.5530",1.02%,27.1887
"SZ159949,SZ159851,SH512930","创业板50ETF,金融科技ETF,AI人工智能ETF",2025-08-15,"1.1570,0.9280,1.6460",2025-08-22,"1.2320,1.0030,1.8800",7.80%,29.3097
"SH515250,SH516520,SZ159507","智能汽车ETF,智能驾驶ETF,电信ETF",2025-08-22,"1.1170,1.2360,1.5660",2025-08-29,"1.1520,1.2750,1.7780",10.35%,32.3441
"SZ159507,SH563210,SH518880","电信ETF,专精特新ETF,黄金ETF",2025-08-29,"1.7780,1.3200,7.4860",2025-09-05,"1.7230,1.2620,7.7750",-4.01%,31.047
"SZ159509,SH513290,SH518880","纳指科技ETF景顺,纳指生物科技ETF汇添富,黄金ETF",2025-09-05,"1.8790,1.2440,7.7750",2025-09-12,"1.8900,1.2590,7.9540",1.38%,31.4744
"SH513310,SH513330,SH512200","中韩半导体ETF,恒生互联网ETF,房地产ETF",2025-09-12,"2.0690,0.5700,1.5810",2025-09-19,"2.1650,0.5960,1.5930",5.47%,33.1956
"SH515880,SH560280,SZ159997","通信ETF,工程机械ETF,电子ETF",2025-09-19,"2.6810,1.5240,1.6190",2025-09-26,"2.6950,1.4890,1.6980",4.24%,34.6041
"SH516160,SZ159790,SH561380","新能源ETF,碳中和ETF,电网ETF",2025-09-26,"2.6900,0.7510,1.4580",2025-10-13,"2.7890,0.7630,1.5380",2.91%,35.6121
"SH560860,SH510410,SH510170","工业有色ETF万家,资源ETF博时,大宗商品ETF",2025-10-13,"1.4760,1.7470,1.2100",2025-10-20,"1.3540,1.6670,1.1670",-2.16%,34.8437
"SH513080,SH510880,SZ159972","法国CAC40ETF,红利ETF华泰柏瑞,5年地债ETF",2025-10-20,"1.8130,3.1113,116.4940",2025-10-27,"1.8550,3.1266,116.5280",0.66%,35.0753
"SZ159507,SH513850,SZ159731","电信ETF,美国50ETF易方达,石化ETF",2025-10-27,"1.8970,1.6820,0.7990",2025-11-03,"1.7780,1.7090,0.8050",0.85%,35.3724
"SH513310,SH515210,SZ159766","中韩半导体ETF,钢铁ETF,旅游ETF",2025-11-03,"2.8310,1.4485,0.7470",2025-11-10,"2.6950,1.4754,0.7960",1.68%,35.9676
"SZ159870,SH515790,SZ159731","化工ETF,光伏ETF,石化ETF",2025-11-10,"0.7690,1.0820,0.8460",2025-11-17,"0.7900,1.0300,0.8550",0.79%,36.2504
"SZ159309,SH561360,SH515210","油气ETF汇添富,石油ETF,钢铁ETF",2025-11-17,"1.1490,1.2150,1.5071",2025-11-24,"1.0890,1.1520,1.3891",-5.29%,34.3334
"SH511360,SZ159996,SZ159928","短融ETF海富通,家电ETF,消费ETF",2025-11-24,"112.6540,1.4700,0.8250",2025-12-01,"112.6780,1.5120,0.8270",0.85%,34.6243
"SZ159583,SH515880,SH513310","通信设备ETF,通信ETF,中韩半导体ETF",2025-12-01,"1.1300,2.7510,2.4780",2025-12-08,"1.2150,2.9410,2.5700",2.99%,35.658
"SH560860,SZ159663,SZ159667","工业有色ETF万家,机床ETF,工业母机ETF",2025-12-08,"1.4950,1.4830,1.5010",2025-12-15,"1.4480,1.4520,1.4670",0.45%,35.8193
"SH517520,SZ159206,SZ159267","黄金股ETF,卫星ETF,航天ETF",2025-12-15,"2.0180,1.3830,1.0440",2025-12-22,"2.0630,1.4290,1.0610",2.92%,36.866
"SH512400,SZ159608,SH561330","有色金属ETF,稀有金属ETF,矿业ETF",2025-12-22,"1.8470,1.0360,1.8400",2025-12-29,"1.8780,1.0500,1.8700",6.44%,39.2397
"SZ159206,SZ159267,SZ159638","卫星ETF,航天ETF,高端装备ETF嘉实",2025-12-29,"1.6040,1.1850,1.0380",2026-01-07,"1.7730,1.2200,1.1250",11.38%,43.7065
"SH513310,SZ159206,SH560860","中韩半导体ETF,卫星ETF,工业有色ETF万家",2026-01-07,"3.1260,1.7730,1.7280",2026-01-14,"2.9910,2.1290,1.8140",8.01%,47.2069
"SH512980,SZ159852,SH517050","传媒ETF,软件ETF,互联网ETF华泰柏瑞",2026-01-14,"1.3220,1.0600,0.9720",2026-01-21,"1.1790,0.9610,0.9180",-6.06%,44.3484
"SZ159870,SH518880,SH560280","化工ETF,黄金ETF,工程机械ETF",2026-01-21,"0.9060,10.3770,1.7310",2026-01-28,"0.9340,11.2800,1.7350",4.02%,46.1295
"SH517520,SH561330,SH560860","黄金股ETF,矿业ETF,工业有色ETF万家",2026-01-28,"3.0950,2.6200,2.1330",2026-02-04,"2.6320,2.2830,1.8960",-6.07%,43.3286
"SZ159326,SH561380,SH511360","电网设备ETF,电网ETF,短融ETF海富通",2026-02-04,"1.8180,1.9700,112.9900",2026-02-11,"1.8100,1.9720,113.0190",0.11%,43.3764
"SH513520,SZ159869,SH516780","日经ETF,游戏ETF,稀土ETF",2026-02-11,"2.1200,1.6710,2.0200",2026-02-26,"2.1230,1.5130,2.1410",2.32%,44.3831
"SH513310,SZ159663,SZ159667","中韩半导体ETF,机床ETF,工业母机ETF",2026-02-26,"4.3210,1.9180,1.9330",2026-03-05,"4.0990,1.9440,1.9650",0.10%,44.4254
"SH511030,SZ159972,SH511360","公司债ETF,5年地债ETF,短融ETF海富通",2026-03-05,"107.1780,117.8650,113.1330",2026-03-06,"107.1780,117.8650,113.1330",0.00%,44.4255
